fdc_id	name	Protein	Lipids	Saturated Fats	Monounsaturated Fats	Polyunsaturated	Carbohydrates	Total Sugars	Dietary Fiber	Water	Calcium	Iron	Magnesium	Phosphorus	Potassium	Sodium	Zinc	Copper	Iodine	Manganese	Selenium	Vitamin A	Vitamin E	Vitamin D	Vitamin C	Thiamin	Riboflavin	Niacin	Pantothenic acid	Vitamin B-6	Folate, total	Vitamin B-12	Choline	Vitamin K	Tryptophan	Threonine	Isoleucine	Leucine	Lysine	Methionine	Phenylalanine	Valine	Histidine
321358	Hummus, commercial	7.35	17.1	2.22	6.37	7.48	14.9	0.34	5.4	58.7	41	2.41	71.1	166	289	438	1.38	0.348	0	1.06	16.2	1	1.74	0	0	0.15	0.115	0.948	0.318	0.143	36	0	46.6	17.2	0	0	0	0	0	0	0	0	0
321359	Milk, reduced fat, fluid, 2% milkfat, with added vitamin A and vitamin D	3.35	1.9	1.11	0.4	0.058	4.91	4.89	0	89.1	126	0	12	103	159	39	0.43	0.001	39.6	0.001	1.8	83	0.03	1.1	0	0.059	0.137	0.112	0.39	0.061	2	0.55	18.2	0	0.042	0.162	0.173	0.335	0.293	0.089	0.163	0.213	0.099
321360	Tomatoes, grape, raw	0.83	0.63	0	0	0	5.51	0	2.1	92.5	11	0.33	11.9	28	260	6	0.2	0.058	0	0.121	0	0	0.98	0	27.2	0.075	0.065	0.805	0	0.06	10	0	9.8	4.2	0	0	0	0	0	0	0	0	0
321611	Beans, snap, green, canned, regular pack, drained solids	1.04	0.39	0	0	0	4.11	1.29	0	93.6	36	0.78	12.7	23	97	282	0.19	0.041	0	0.176	0	0	0	0	0	0	0	0	0	0	0	0	0	0	0	0	0	0	0	0	0	0	0
321900	Broccoli, raw	2.57	0.34	0.039	0.011	0.017	6.29	1.4	2.4	90	46	0.69	21	67	303	36	0.42	0.059	0	0.197	1.6	8	0.15	0	53.3	0.077	0.114	0.639	0.61	0.191	65	0	0	102	0.033	0.088	0.079	0.129	0.135	0.038	0.117	0.125	0.059
322228	Milk, lowfat, fluid, 1% milkfat, with added vitamin A and vitamin D	3.38	0.95	0.568	0.21	0.032	5.19	4.96	0	89.7	126	0	12	103	159	39	0.43	0.001	36.2	0	2.1	58	0.02	1.1	0	0.057	0.14	0.113	0.368	0.06	2	0.61	17.4	0	0.045	0.158	0.174	0.342	0.308	0.092	0.168	0.21	0.099
322559	Milk, nonfat, fluid, with added vitamin A and vitamin D (fat free or skim)	3.43	0.08	0.049	0.017	0.006	4.89	5.05	0	90.8	132	0	12.5	107	167	41	0.45	0.002	35.7	0.001	2	64	0	1.1	0	0.056	0.131	0.118	0.388	0.058	2	0.58	18.2	0	0.048	0.166	0.182	0.347	0.302	0.093	0.168	0.222	0.101
322892	Milk, whole, 3.25% milkfat, with added vitamin D	3.28	3.2	1.86	0.688	0.108	4.67	4.81	0	88.1	123	0	11.9	101	150	38	0.41	0.001	37.9	0	1.9	32	0.05	1	0	0.056	0.138	0.105	0.362	0.061	0	0.54	17.8	0	0.043	0.154	0.173	0.333	0.298	0.09	0.161	0.207	0.097
323121	Frankfurter, beef, unheated	11.7	28	11.4	12.1	0.954	2.89	1.26	0	54.6	15	1.14	11.5	128	343	872	2.06	0.046	0	0.031	0	3	0.51	0	0	0.033	0.154	2.25	0.263	0.13	0	0.97	0	0	0	0	0	0	0	0	0	0	0
323294	Nuts, almonds, dry roasted, with salt added	20.4	57.8	4.56	34.2	14.5	16.2	4.17	11	2.2	273	3.17	258	456	684	256	2.8	0.87	0	2.02	0	2	19	0	0	0.079	1.57	3.1	0.237	0.075	35	0	60.8	0	0	0	0	0	0	0	0	0	0
323444	Cheese, ricotta, whole milk	7.81	11	6.97	2.56	0.389	6.86	0	0	72.9	224	0.1	19.7	162	230	105	0.56	0	0	0	5.5	127	0.27	0	0	0.043	0.327	0.168	0.673	0.099	4	0.78	0	3.7	0.115	0.395	0.365	0.785	0.655	0.17	0.27	0.325	0.175
323505	Kale, raw	2.92	1.49	0	0	0	4.42	0.8	4.1	89.6	254	1.6	32.7	55	348	53	0.39	0.053	0	0.92	0	241	0.66	0	93.4	0.113	0.347	1.18	0.37	0.147	62	0	0	390	0	0	0	0	0	0	0	0	0
323604	Egg, whole, raw, frozen, pasteurized	12.3	10.3	0	0	0	0.91	0	0	75.4	55	1.77	11.2	189	117	121	1.2	0	61.6	0	0	0	0	2.3	0	0	0	0	0	0	0	0	0	0	0	0	0	0	0	0	0	0	0
323697	Egg, white, raw, frozen, pasteurized	10.1	0.16	0	0	0	0.74	0	0	88.3	9	0.18	10.6	0	130	144	0.02	0	0	0	0	0	0	0	0	0	0	0	0	0	0	0	0	0	0	0	0	0	0	0	0	0	0
323793	Egg, white, dried	79.9	0.65	0	0	0	6.02	0	0	7.98	104	0	87.6	107	959	1250	0.43	0	34	0	0	0	0	0	0	0	0	0	0	0	0	0	0	0	0	0	0	0	0	0	0	0	0
324038	Sauce, salsa, ready-to-serve	1.44	0.19	0	0	0	6.74	3.81	1.8	89.3	28	0.42	15.2	32	258	656	0.2	0.065	0	0.11	0	24	1.22	0	0	0.035	0	1.12	0.202	0.176	0	0	0	4.2	0	0	0	0	0	0	0	0	0
324157	Sausage, breakfast sausage, beef, pre-cooked, unprepared	13.3	28.7	11.3	12.7	1.91	3.37	1	0	51.7	35	1.55	19.7	124	263	866	2.14	0.075	0	0.174	11.6	18	0.33	0	19.2	0.054	0.132	2.43	0.322	0.15	0	1.13	38.3	0	0.12	0.5	0.46	0.93	0.95	0.26	0.6	0.53	0.35
324317	Onion rings, breaded, par fried, frozen, prepared, heated in oven	4.52	14.4	2.15	2.87	7.58	36.3	4.5	2.4	43.4	28	1.14	20.4	75	135	374	0.59	0.081	0	0.435	5.6	0	0.57	0	1.6	0.196	0.116	1.57	0.302	0.127	31	0	10.7	0	0	0	0	0	0	0	0	0	0
324653	Pickles, cucumber, dill or kosher dill	0.48	0.43	0	0	0	1.99	1.28	1	94.7	54	0.23	7.1	16	112	808	0.11	0.026	0	0.056	0	4	0.12	0	2.1	0.047	0.057	0.109	0.2	0.034	8	0	0	16.8	0	0	0	0	0	0	0	0	0
324860	Peanut butter, smooth style, with salt	22.5	51.1	10.1	25.4	12.3	22.3	10.5	4.8	1.18	49	1.73	169	339	564	429	2.54	0.42	0	1.68	4.1	0	9.11	0	0	0.138	0.191	13.3	1.11	0.444	86	0	0	0	0	0	0	0	0	0	0	0	0
325036	Cheese, parmesan, grated	29.6	28	15.5	6.4	1.2	12.4	0.07	0	22.8	884	0.45	34.9	634	184	1750	4.33	0.04	0	0.066	35	228	0.51	0	0	0.027	0.345	0.078	0.457	0.081	6	1.35	14.1	8.8	0	0	0	0	0	0	0	0	0
325198	Cheese, pasteurized process, American, vitamin D fortified	18	30.6	18.1	7.3	1.09	5.27	2.63	0	39.6	866	0.48	25.1	540	149	1660	2.42	0.046	0	0.038	20.4	300	0.79	7.5	0	0.015	0.247	0.095	0.415	0.056	0	1.45	19.2	13.5	0	0	0	0	0	0	0	0	0
325287	Grapefruit juice, white, canned or bottled, unsweetened	0.55	0.7	0	0	0	7.59	7.72	0.2	90.9	16	0.07	9.6	17	141	1	0.04	0.032	0	0.02	0	0	0.22	0	39.4	0.062	0.02	0.253	0.28	0	12	0	0	0	0	0	0	0	0	0	0	0	0
325430	Peaches, yellow, raw	0.91	0.27	0	0	0	10.1	8.39	1.5	88.3	4	0.34	8	22	122	13	0.23	0.078	0	0.026	2.1	24	0	0	4.1	0.024	0.031	0.806	0.153	0.025	6	0	0	3	0.009	0.015	0.016	0.026	0.028	0.009	0.018	0.021	0.012
325524	Seeds, sunflower seed kernels, dry roasted, with salt added	21	56.1	5.36	33.4	13	17.1	3.14	10.3	1.5	78	5.21	358	750	689	532	6	1.83	0	2.89	80.4	1	19.6	0	0	0.473	0.507	6.96	0.84	0.76	169	0	52	2.6	0	0	0	0	0	0	0	0	0
325658	Sausage, Italian, pork, mild, cooked, pan-fried	18.2	26.2	9.15	11.6	4.96	2.15	1.46	0	50.9	12	1.29	18.6	145	310	766	2.41	0.074	0	0.033	20.2	22	0.8	0	0	0.31	0.242	5.73	0.783	0.343	0	1.06	70.4	18.8	0	0	0	0	0	0	0	0	0
325871	Bread, white, commercially prepared	9.43	3.59	0.821	0.717	1.87	49.2	5.34	2.3	35.7	211	3.36	26.9	113	117	477	0.88	0.124	0	0.632	23.2	0	0	0	0	0.507	0.24	4.76	0.548	0.092	0	0	0	0	0	0	0	0	0	0	0	0	0
325992	Sausage, turkey, breakfast links, mild, raw	16.7	10.4	2.53	3.07	3.15	0.93	0	0	69.6	32	1.17	18.9	178	310	599	2.58	0.07	0	0.035	12.5	0	0.24	0	0	0.047	0.296	5.02	0.952	0.335	0	1.2	59.6	37	0.15	0.71	0.65	1.24	1.41	0.45	0.82	0.65	0.42
326135	Cheese, swiss	27	31	18.2	7.26	1.14	1.44	0	0	37.6	890	0.13	33.4	574	71	185	4.37	0.047	0	0.027	30.1	292	0.6	0	0	0.011	0.303	0.06	0.352	0.07	9	3.02	13.8	7.7	0	0	0	0	0	0	0	0	0
326196	Kale, frozen, cooked, boiled, drained, without salt	2.94	1.21	0	0	0	5.3	1.12	0	89.8	150	0.84	25	42	144	16	0.27	0.067	0	0.542	0	146	1.61	0	17.8	0.063	0.14	0.457	0.17	0.063	65	0	0	418	0	0	0	0	0	0	0	0	0
326458	Carrots, frozen, unprepared (Includes foods for USDA's Food Distribution Program)	0.81	0.47	0	0	0.163	7.92	4.2	3.2	90.1	33	0.43	10.8	31	210	66	0.28	0.08	0	0.143	0	0	0.69	0	2.2	0.039	0.047	0.465	0.196	0.088	7	0	0	15	0.007	0.127	0.052	0.066	0.075	0.015	0.042	0.047	0.03
326698	Mustard, prepared, yellow	4.25	3.38	0.252	2.59	0.903	5.3	1.42	4.3	83.7	63	1.59	47.7	108	150	1100	0.64	0.074	0	0.42	34	4	0.35	0	0.4	0.189	0.066	0.561	0.263	0.069	7	0	0	1.5	0.01	0.183	0.16	0.32	0.29	0.083	0.177	0.207	0.13
326905	Figs, dried, uncooked	3.3	0.92	0	0	0	63.9	47.9	9.8	30	162	2.03	67.6	67	680	10	0.66	0.287	0	0.51	0.6	0	0.36	0	1.2	0.085	0.082	0.619	0.434	0.106	9	0	0	15.6	0.019	0.078	0.082	0.116	0.081	0.031	0.069	0.113	0.034
327046	Kiwifruit, green, raw	1.06	0.44	0	0	0	14	8.99	3	83.9	35	0.24	15.7	34	198	5	0.14	0.134	0	0.064	0.2	4	1.3	0	74.7	0.027	0.025	0.37	0.206	0.061	26	0	0	40.3	0.013	0.043	0.046	0.059	0.055	0.022	0.039	0.052	0.024
327198	Melons, cantaloupe, raw	0.82	0.18	0	0	0	8.16	7.88	0.8	90.2	9	0.38	13	17	157	30	0.44	0.085	0	0.046	1.7	232	0	0	10.9	0.049	0.027	0.694	0.085	0.04	14	0	0	2.7	0.002	0.014	0.017	0.024	0.024	0.01	0.019	0.027	0.012
327357	Nectarines, raw	1.06	0.28	0	0	0	9.18	7.89	1.5	89	2	0.3	8.8	26	131	13	0.21	0.082	0	0.047	0	21	0.61	0	2.9	0.034	0.027	1.12	0.185	0.025	6	0	0	2	0.005	0.008	0.008	0.013	0.015	0.005	0.01	0.012	0.008
327501	Oranges, raw, navels (Includes foods for USDA's Food Distribution Program)	0.91	0.15	0	0	0	11.8	8.57	2	86.7	43	0.33	10.7	23	166	9	0.11	0.064	0	0.029	0	0	0	0	59.1	0.068	0.051	0.425	0.261	0.079	25	0	0	0	0.008	0.016	0.014	0.025	0.032	0.007	0.051	0.022	0.011
327699	Strawberries, raw	0.64	0.22	0	0	0	7.63	5.34	1.8	91.1	12	0.28	11.8	20	89	10	0.18	0.119	0	0.28	0.4	1	0	0	36.3	0.025	0.016	0.386	0.122	0.035	8	0	0	2.1	0	0	0	0	0	0	0	0	0
327923	Lettuce, cos or romaine, raw	1.24	0.26	0	0	0	3.24	1.19	1.8	94.7	35	0.95	13.7	30	253	0	0.25	0.048	0	0.127	0.4	436	0.14	0	4.6	0.079	0.072	0.323	0.145	0.078	50	0	0	102	0.011	0.044	0.045	0.076	0.064	0.014	0.066	0.055	0.021
328637	Cheese, cheddar	23.3	34	19.2	7.44	1.18	2.44	0.33	0	36.6	707	0.16	26.8	458	77	654	3.67	0.033	0	0.026	28.3	316	0.75	0	0	0.029	0.441	0.052	0.413	0.069	21	1.06	0	11.7	0	0	0	0	0	0	0	0	0
328841	Cheese, cottage, lowfat, 2% milkfat	11	2.3	1.26	0.469	0.072	4.31	4.1	0	81.1	103	0.13	8.9	148	120	321	0.61	0.03	0	0.015	14.6	69	0.08	0	0	0.02	0.234	0.09	0.508	0.057	10	0.42	0	0	0	0	0	0	0	0	0	0	0
329370	Cheese, mozzarella, low moisture, part-skim	23.7	20.4	11.7	4.65	0.744	4.44	1.81	0	47.7	693	0.2	27.2	533	116	699	3.62	0.035	0	0.035	26.7	203	0.51	0	0	0.023	0.36	0.101	0.415	0.09	26	1.65	13.5	6.7	0	0	0	0	0	0	0	0	0
329490	Egg, whole, dried	48.1	39.8	0	0	0	1.87	0	0	4.07	220	6.97	44.6	770	468	485	5.02	0	274	0	0	0	0	9.7	0	0	0	0	0	0	0	0	0	0	0	0	0	0	0	0	0	0	0
329596	Egg, yolk, raw, frozen, pasteurized	15.6	25.1	0	0	0	0.59	0	0	56.1	119	4.13	11.2	443	102	66	2.93	0	177	0.068	0	0	0	5.8	0	0	0	0	0	0	0	0	0	0	0	0	0	0	0	0	0	0	0
329716	Egg, yolk, dried	34.2	55.5	0	0	0	1.07	0	0	3.64	270	9.28	26	982	231	149	7.11	0	349	0	0	0	0	15.7	0	0	0	0	0	0	0	0	0	0	0	0	0	0	0	0	0	0	0
329830	Cheese, dry white, queso seco	24.5	24.3	13.7	5.7	1.06	2.07	0.43	0	42.2	661	0.18	26.7	475	116	1810	3.28	0.027	0	0.018	22.4	226	0.49	1.8	0	0.038	0.23	0.083	0.398	0.091	0	1.7	18.4	7.5	0.31	0.95	1.16	2.29	1.96	0.535	1.17	1.48	0.675
330137	Yogurt, Greek, plain, nonfat	10.3	0.37	0.108	0.043	0.011	3.64	3.27	0	85	111	0.07	10.7	136	141	36	0.53	0.017	0	0.009	9.9	1	0.01	0	0	0.022	0.281	0.211	0.332	0.064	0	0.7	15.1	0	0.133	0.41	0.527	1.03	0.833	0.293	0.513	0.667	0.293
330415	Yogurt, Greek, strawberry, nonfat	8.06	0.15	0.103	0.029	0.021	12.2	11.5	0.6	79	97	0.09	10.4	113	133	32	0.46	0.02	0	0.034	9.8	0	0	1	0.2	0	0.25	0.208	0.363	0.05	20	0.45	0	0	0	0	0	0	0	0	0	0	0
330458	Oil, coconut	0	99.1	82.5	6.31	1.7	0.84	0	0	0.03	1	0.05	0	0	0	0	0.02	0	0	0	0	0	0.11	0	0	0	0	0	0	0	0	0	0	0.6	0	0	0	0	0	0	0	0	0
330869	Turkey, ground, 93% lean, 7% fat, pan-broiled crumbles	27.1	11.6	2.97	3.78	3.49	0	0	0	61.1	31	1.56	29.1	259	304	90	3.77	0.166	0	0.01	28.4	30	0.18	0	0	0.088	0.262	8.09	1.4	0.497	0	1.9	78.7	0	0	0	0	0	0	0	0	0	0
331897	Chicken, broilers or fryers, drumstick, meat only, cooked, braised	23.9	5.95	1.6	2.35	1.24	0	0	0	69.9	12	0.94	22.4	184	239	117	2.54	0.063	0	0.018	27.9	7	0.17	0.1	0	0.088	0.18	5.05	1.1	0.372	0	0.41	0	0	0	0	0	0	0	0	0	0	0
331960	Chicken, broiler or fryers, breast, skinless, boneless, meat only, cooked, braised	32.1	3.24	1.01	1.26	0.766	0	0	0	65.3	6	0.49	32	241	343	47	0.96	0.044	0	0.012	31.9	0	0.33	0	0	0.098	0.187	9.45	1.58	0.921	0	0.2	0	0	0	0	0	0	0	0	0	0	0
332282	Sauce, pasta, spaghetti/marinara, ready-to-serve	1.41	1.48	0.17	0.376	0.504	8.05	5.5	1.8	87.4	27	0.78	18.5	34	319	419	0.2	0.081	0	0.137	0	32	0	0	0	0	0	0	0	0	0	0	0	0	0	0	0	0	0	0	0	0	0
332397	Ham, sliced, pre-packaged, deli meat (96%fat free, water added)	16.7	3.73	1.12	1.47	0.544	0.27	0	0	75.7	5	0.58	18.8	261	425	1040	1.52	0.05	0	0	0	0	0	0	0	0	0	0	0	0	0	0	0	0	0	0	0	0	0	0	0	0	0
332597	Pears, raw, bartlett (Includes foods for USDA's Food Distribution Program)	0.38	0.16	0	0	0	15.1	9.69	3.1	84.1	8	0.17	5.7	10	87	7	0.07	0.07	0	0.032	0.2	1	0	0	4.4	0.012	0.026	0.164	0.042	0.026	6	0	0	3.8	0.002	0.013	0.014	0.023	0.021	0.002	0.013	0.019	0.002
332791	Olives, green, Manzanilla, stuffed with pimiento	1.15	12.9	2.3	8.86	0.661	4.96	0	4	76.7	121	0.31	12.4	7	43	1620	0.09	0.107	0	0.047	0	25	3.78	0	0	0.041	0	0.103	0	0	0	0	1.6	16.6	0	0	0	0	0	0	0	0	0
332864	Sausage, pork, chorizo, link or ground, cooked, pan-fried	19.3	28.1	9.45	11.7	4.74	2.63	0	0	46.3	37	2.34	30.1	207	435	983	2.19	0.13	0	0.188	25.9	0	1.5	0	0	0.365	0.42	7.06	1.2	0.554	10	1.21	97.1	22.8	0	0	0	0	0	0	0	0	0
333008	Cookies, oatmeal, soft, with raisins	5.79	14.3	4.78	4	4.89	69.6	34.8	3.3	8.85	29	2.28	32.4	111	245	314	0.62	0.141	0	0.755	6	0	2.69	0	0	0.295	0.218	2.11	0.4	0.07	34	0	0	17.1	0	0	0	0	0	0	0	0	0
333281	Tomatoes, canned, red, ripe, diced	0.84	0.5	0	0	0	3.32	2.99	0	94.6	30	0.57	9.8	18	198	125	0.12	0.052	0	0.068	0	0	0	0	0	0	0	0	0	0	0	0	0	0	0	0	0	0	0	0	0	0	0
333374	Fish, haddock, raw	16.3	0.45	0.093	0.057	0.163	0	0	0	83.4	11	0.17	21.1	227	286	213	0.32	0.021	0	0.011	25.9	0	0.45	0.5	0	0.02	0.057	3.36	0.403	0.281	0	1.83	0	0	0	0	0	0	0	0	0	0	0
333476	Fish, pollock, raw	12.3	0.41	0.128	0.073	0.182	0	0	0	86.7	15	0.22	16.1	284	160	333	0.31	0.031	0	0.011	15.9	3	0.49	0.2	0	0.03	0.08	0.653	0.237	0.069	0	1.63	0	0	0.18	0.58	0.62	1.06	1.21	0.4	0.51	0.67	0.28
334194	Fish, tuna, light, canned in water, drained solids	19	0.94	0.224	0.114	0.259	0.08	0	0	79	18	1.67	22.7	137	176	219	0.66	0.048	0	0.019	67.8	0	0	1.2	0	0.03	0.082	9.92	0.148	0.32	0	2.57	0	0	0	0	0	0	0	0	0	0	0
334247	Sugars, granulated	0	0.32	0	0	0	99.6	99.8	0	0.02	1	0.05	0.3	0	2	1	0.01	0.007	0	0.004	0	0	0	0	0	0	0	0	0	0	0	0	0	0	0	0	0	0	0	0	0	0	0
334462	Restaurant, Chinese, sweet and sour pork	8.88	13.6	2.68	3.49	7.05	25.5	10.3	1	50.8	46	3.07	13	133	152	304	1.07	0.06	0	0.173	9.7	29	0.89	0	2.3	0.235	0.103	2.11	0.443	0.17	0	0.19	32.4	29.8	0.102	0.373	0.377	0.707	0.663	0.207	0.343	0.41	0.287
334536	Restaurant, Chinese, fried rice, without meat	3.84	3.19	0.493	0.588	1.13	32.5	0.62	0	59.3	11	0.46	9.7	44	69	361	0.69	0.086	0	0.428	0	22	0	0	0	0	0	0	0	0	0	0	5.5	0	0	0	0	0	0	0	0	0	0
334628	Restaurant, Latino, tamale, pork	7.38	9.04	2.69	3.2	2.03	15.8	0.46	2.4	66	75	0.87	26.2	120	152	473	1.2	0.05	0	0.186	9.8	12	0.53	0	0	0.04	0.05	1.29	0.365	0.132	0	0.12	0	7.9	0.06	0.25	0.245	0.5	0.44	0.165	0.235	0.28	0.175
334720	Restaurant, Latino, pupusas con frijoles (pupusas, bean)	5.59	9.01	2.19	2.95	2.88	31.5	1.3	5.8	52.2	51	1.46	53.6	144	305	305	0.94	0.141	0	0.344	7	0	0.36	0	0	0.077	0.03	0.867	0.303	0.172	0	0	39.6	8.2	0.057	0.22	0.227	0.543	0.303	0.103	0.3	0.267	0.17
746764	Carrots, frozen, unprepared	0.81	0.47	0	0	0.163	7.92	4.2	3.2	90.1	33	0.43	10.8	31	210	66	0.28	0.08	0	0.143	0	0	0.69	0	2.2	0.039	0.047	0.465	0.196	0.088	7	0	0	15	0.007	0.127	0.052	0.066	0.075	0.015	0.042	0.047	0.03
746765	Cheese, dry white, queso seco	24.5	24.3	13.7	5.7	1.06	2.07	0.43	0	42.2	661	0.18	26.7	475	116	1810	3.28	0.027	0	0.018	22.4	226	0.49	1.83	0	0.038	0.23	0.083	0.398	0.091	0	1.7	18.4	7.5	0.31	0.95	1.16	2.29	1.96	0.535	1.17	1.48	0.675
746766	Cheese, ricotta, whole milk	7.81	11	6.97	2.56	0.389	6.86	0	0	72.9	224	0.1	19.7	162	230	105	0.56	0	0	0	5.5	127	0.27	0	0	0.043	0.327	0.168	0.673	0.099	4	0.78	0	3.7	0.115	0.395	0.365	0.785	0.655	0.17	0.27	0.325	0.175
746767	Cheese, swiss	27	31	18.2	7.26	1.14	1.44	0	0	37.6	890	0.13	33.4	574	71	185	4.37	0.047	0	0.027	30.1	292	0.6	0	0	0.011	0.303	0.06	0.352	0.07	9	3.02	13.8	7.7	0	0	0	0	0	0	0	0	0
746768	Figs, dried, uncooked	3.3	0.92	0	0	0	63.9	47.9	9.8	30	162	2.03	67.6	67	680	10	0.66	0.287	0	0.51	0.6	0	0.36	0	1.2	0.085	0.082	0.619	0.434	0.106	9	0	0	15.6	0.019	0.078	0.082	0.116	0.081	0.031	0.069	0.113	0.034
746769	Lettuce, cos or romaine, raw	1.24	0.26	0	0	0	3.24	1.19	1.8	94.7	35	0.95	13.7	30	253	0	0.25	0.048	0	0.127	0.4	436	0.14	0	4.6	0.079	0.072	0.323	0.145	0.078	50	0	0	102	0.011	0.044	0.045	0.076	0.064	0.014	0.066	0.055	0.021
746770	Melons, cantaloupe, raw	0.82	0.18	0	0	0	8.16	7.88	0.8	90.2	9	0.38	13	17	157	30	0.44	0.085	0	0.046	1.7	232	0	0	10.9	0.049	0.027	0.694	0.085	0.04	14	0	0	2.7	0.002	0.014	0.017	0.024	0.024	0.01	0.019	0.027	0.012
746771	Oranges, raw, navels	0.91	0.15	0	0	0	11.8	8.57	2	86.7	43	0.33	10.7	23	166	9	0.11	0.064	0	0.029	0	0	0	0	59.1	0.068	0.051	0.425	0.261	0.079	25	0	0	0	0.008	0.016	0.014	0.025	0.032	0.007	0.051	0.022	0.011
746772	Milk, lowfat, fluid, 1% milkfat, with added vitamin A and vitamin D	3.38	0.95	0.568	0.21	0.032	5.18	4.96	0	89.7	126	0	12	103	159	39	0.43	0.001	36.2	0	2.1	58	0.02	1.06	0	0.057	0.14	0.113	0.368	0.06	2	0.61	17.4	0	0.045	0.158	0.174	0.342	0.308	0.092	0.168	0.21	0.099
746773	Pears, raw, bartlett	0.38	0.16	0	0	0	15.1	9.69	3.1	84.1	8	0.17	5.7	10	87	7	0.07	0.07	0	0.032	0.2	1	0	0	4.4	0.012	0.026	0.164	0.042	0.026	6	0	0	3.8	0.002	0.013	0.014	0.023	0.021	0.002	0.013	0.019	0.002
746774	Restaurant, Chinese, sweet and sour pork	8.88	13.6	2.68	3.49	7.05	25.5	10.3	1	50.8	46	3.07	13	133	152	304	1.07	0.06	0	0.173	9.7	29	0.89	0	2.3	0.235	0.103	2.11	0.443	0.17	0	0.19	32.4	29.8	0.102	0.373	0.377	0.707	0.663	0.207	0.343	0.41	0.287
746775	Salt, table, iodized	0	0	0	0	0	0	0	0	0.42	50	0	0	0	2	38700	0	0	5080	0.032	0	0	0	0	0	0	0	0	0	0	0	0	0	0	0	0	0	0	0	0	0	0	0
746776	Milk, nonfat, fluid, with added vitamin A and vitamin D (fat free or skim)	3.43	0.08	0.049	0.017	0.006	4.92	5.05	0	90.8	132	0	12.5	107	167	41	0.45	0.002	35.7	0.001	2	64	0	1.1	0	0.056	0.131	0.118	0.388	0.058	2	0.58	18.2	0	0.048	0.166	0.182	0.347	0.302	0.093	0.168	0.222	0.101
746777	Sauce, salsa, ready-to-serve	1.44	0.19	0	0	0	6.74	3.81	1.8	89.3	28	0.42	15.2	32	258	656	0.2	0.065	0	0.11	0	24	1.22	0	0	0.035	0	1.12	0.202	0.176	0	0	0	4.2	0	0	0	0	0	0	0	0	0
746778	Milk, reduced fat, fluid, 2% milkfat, with added vitamin A and vitamin D	3.36	1.9	1.11	0.4	0.058	4.9	4.89	0	89.1	126	0	12	103	159	39	0.43	0.001	39.6	0.001	1.8	83	0.03	1.13	0	0.059	0.137	0.112	0.39	0.061	2	0.55	18.2	0	0.042	0.162	0.173	0.335	0.293	0.089	0.163	0.213	0.099
746779	Sausage, breakfast sausage, beef, pre-cooked, unprepared	13.3	28.7	11.3	12.7	1.91	3.37	1	0	51.7	35	1.55	19.7	124	263	866	2.14	0.075	0	0.174	11.6	18	0.33	0	19.2	0.054	0.132	2.43	0.322	0.15	0	1.13	38.3	0	0.12	0.5	0.46	0.93	0.95	0.26	0.6	0.53	0.35
746780	Sausage, Italian, pork, mild, cooked, pan-fried	18.2	26.2	9.15	11.6	4.96	2.15	1.46	0	50.9	12	1.29	18.6	145	310	766	2.41	0.074	0	0.033	20.2	22	0.8	0	0	0.31	0.242	5.73	0.783	0.343	0	1.06	70.4	18.8	0	0	0	0	0	0	0	0	0
746781	Sausage, pork, chorizo, link or ground, cooked, pan-fried	19.3	28.1	9.45	11.7	4.74	2.63	0	0	46.3	37	2.34	30.1	207	435	983	2.19	0.13	0	0.188	25.9	0	1.5	0	0	0.365	0.42	7.06	1.2	0.554	10	1.21	97.1	22.8	0	0	0	0	0	0	0	0	0
746782	Milk, whole, 3.25% milkfat, with added vitamin D	3.27	3.2	1.86	0.688	0.108	4.63	4.81	0	88.1	123	0	11.9	101	150	38	0.42	0.001	37.9	0	1.9	32	0.05	0.96	0	0.056	0.138	0.105	0.362	0.061	0	0.54	17.8	0	0.043	0.154	0.173	0.333	0.298	0.09	0.161	0.207	0.097
746783	Sausage, turkey, breakfast links, mild, raw	16.7	10.4	2.53	3.07	3.15	0.93	0	0	69.6	32	1.17	18.9	178	310	599	2.58	0.07	0	0.035	12.5	0	0.24	0	0	0.047	0.296	5.02	0.952	0.335	0	1.2	59.6	37	0.15	0.71	0.65	1.24	1.41	0.45	0.82	0.65	0.42
746784	Sugars, granulated	0	0.32	0	0	0	99.6	99.8	0	0.02	1	0.05	0.3	0	2	1	0.01	0.007	0	0.004	0	0	0	0	0	0	0	0	0	0	0	0	0	0	0	0	0	0	0	0	0	0	0
746785	Turkey, ground, 93% lean, 7% fat, pan-broiled crumbles	27.1	11.6	2.97	3.78	3.49	0	0	0	61.1	31	1.56	29.1	259	304	90	3.77	0.166	0	0.01	28.4	30	0.18	0	0	0.088	0.262	8.09	1.4	0.497	0	1.9	78.7	0	0	0	0	0	0	0	0	0	0
746952	Ham, sliced, restaurant	19.6	3.68	1.25	1.6	0.675	2.36	2.2	0	70.7	6	0.86	20.3	246	484	1030	1.76	0.041	0	0.015	0	0	0	0	0	0	0	0	0	0	0	0	0	0	0	0	0	0	0	0	0	0	0
747429	Cheese, American, restaurant	17.5	31.1	17.7	6.62	1.23	6.35	3.76	0	39.5	508	0.24	25	380	173	1600	2.45	0.042	54.1	0.018	0	0	0	0	0	0	0	0	0	0	0	0	0	0	0	0	0	0	0	0	0	0	0
747447	Broccoli, raw	2.57	0.34	0.039	0.011	0.017	6.27	1.4	2.4	90	46	0.69	21	67	303	36	0.42	0.059	0	0.197	1.6	8	0.15	0	91.3	0.077	0.114	0.639	0.61	0.191	65	0	0	102	0.033	0.088	0.079	0.129	0.135	0.038	0.117	0.125	0.059
747448	Strawberries, raw	0.64	0.22	0	0	0	7.63	5.34	1.8	91.1	12	0.28	11.8	20	89	10	0.18	0.119	0	0.28	0.4	1	0	0	56	0.025	0.016	0.386	0.122	0.035	8	0	0	2.1	0	0	0	0	0	0	0	0	0
747693	Ketchup, restaurant	1.11	0.55	0	0	0	26.8	21.8	0	68.5	14	0.43	13.5	25	249	949	0.16	0.066	0	0.086	0	0	0	0	0	0	0	0	0	0	0	0	0	0	0	0	0	0	0	0	0	0	0
747997	Eggs, Grade A, Large, egg white	10.7	0	0	0	0	2.36	0	0	86.3	0	0	0	0	0	0	0	0	0	0	17.9	0	0	0	0	0	0.391	0	0	0	0	0	0	0	0.188	0.567	0.609	1.02	0.822	0.486	0.726	0.779	0.257
748236	Eggs, Grade A, Large, egg yolk	16.2	28.8	0	0	0	1.02	0	0	52.1	0	0	0	0	0	0	0	0	0	0	55.8	0	5.64	0	0	0	0.467	0	0	0	0	0	0	0	0.174	0.789	0.766	1.35	1.2	0.398	0.673	0.846	0.369
748278	Oil, canola	0	0	6.61	62.6	25.3	0	0	0	0	0	0	0	0	0	0	0	0	0	0	0	0	17.3	0	0	0	0	0	0	0	0	0	0	0	0	0	0	0	0	0	0	0	0
748323	Oil, corn	0	0	13.4	27.7	52.9	0	0	0	0	0	0	0	0	0	0	0	0	0	0	0	0	22.6	0	0	0	0	0	0	0	0	0	0	0	0	0	0	0	0	0	0	0	0
748366	Oil, soybean	0	0	14.9	22.1	57.6	0	0	0	0	0	0	0	0	0	0	0	0	0	0	0	0	12.2	0	0	0	0	0	0	0	0	0	0	0	0	0	0	0	0	0	0	0	0
748608	Oil, olive, extra virgin	0	0	15.4	69.2	9.07	0	0	0	0	0	0	0	0	0	0	0	0	0	0	0	0	0	0	0	0	0	0	0	0	0	0	0	0	0	0	0	0	0	0	0	0	0
748967	Eggs, Grade A, Large, egg whole	12.4	9.96	3.2	3.63	1.82	0.96	0.2	0	75.8	48	1.67	11.4	184	132	129	1.24	0	49.1	0	31.1	180	0	2.46	0	0.077	0.419	0	0	0.063	71	1.02	335	0	0.166	0.594	0.616	1.05	0.832	0.418	0.66	0.734	0.283
749420	Pork, cured, bacon, cooked, restaurant	40.9	36.5	12.6	15.8	6	2.1	3.14	0	14.2	13	1.28	36.5	415	557	1830	3.56	0.13	0	0.02	0	0	0	0	0	0	0	0	0	0	0	0	0	0	0	0	0	0	0	0	0	0	0
789828	Butter, stick, unsalted	0	81.5	0	0	0	0	0	0	17.4	14	0.03	1.6	19	19	10	0.07	0.001	0	0	0	0	0	0	0	0	0	0	0	0	0	0	0	0	0	0	0	0	0	0	0	0	0
789890	Flour, wheat, all-purpose, enriched, bleached	10.9	1.48	0	0	0	77.3	0	0	9.83	19	5.62	26.7	108	136	2	0.72	0.155	0	0.758	15.7	0	0	0	0	0.939	0.443	6.74	0	0.066	160	0	0	0	0	0	0	0	0	0	0	0	0
789951	Flour, wheat, all-purpose, enriched, unbleached	13.1	1.48	0	0	0	73.2	0	0	11.7	21	5.41	33.3	115	135	4	0.9	0.172	0	0.875	14.2	0	0	0	0	1.05	0.467	7.07	0	0.079	159	0	0	0	0	0	0	0	0	0	0	0	0
790018	Flour, wheat, all-purpose, unenriched, unbleached	12	1.7	0	0	0	74.6	0	3	11.1	22	1.18	36.1	134	150	2	1.15	0.212	0	0.819	20.1	0	0	0	0	0.298	0	1.59	0	0.085	23	0	0	0	0	0	0	0	0	0	0	0	0
790085	Flour, whole wheat, unenriched	15.1	2.73	0	0	0	71.2	0	10.6	9.44	38	3.86	136	352	376	3	3.24	0.452	0	3.56	23.6	0	0	0	0	0.504	0.128	5.55	0	0.268	39	0	0	0	0	0	0	0	0	0	0	0	0
790146	Flour, bread, white, enriched, unbleached	14.3	1.65	0	0	0	72.8	0	0	10.7	19	5.55	35.9	124	127	3	1.06	0.194	0	0.751	33.3	0	0	0	0	0.953	0.436	6.56	0	0.079	145	0	0	0	0	0	0	0	0	0	0	0	0
790214	Flour, rice, white, unenriched	6.94	1.3	0	0	0	79.8	0	0.5	11.6	6	0.22	22.9	94	75	5	1.19	0.209	0	0.892	5.3	0	0	0	0	0.09	0	1.25	0	0.052	16	0	0	0	0	0	0	0	0	0	0	0	0
790276	Flour, corn, yellow, fine meal, enriched	6.2	1.74	0	0	0	80.8	1.04	4.3	10.8	0	4.44	30.1	92	144	0	0.62	0.082	0	0.172	8.3	0	0	0	0	0.662	0.354	5.75	0	0.13	155	0	0	0	0	0	0	0	0	0	0	0	0
790508	Butter, stick, salted	0	82.2	45.6	16.9	2.52	0	0.58	0	15.8	21	0.06	1.6	22	23	524	0.07	0.006	0	0.005	0	758	0	0.4	0	0	0	0	0	0	5	0	0	0	0.01	0.025	0.022	0.05	0.07	0.013	0.025	0.03	0.012
790577	Onions, red, raw	0.94	0.1	0	0	0	9.93	5.76	2.2	88.6	17	0.24	11.4	41	197	1	0.17	0.058	0	0.119	0.5	0	0	0	8.1	0	0	0	0	0	0	0	0	0	0	0	0	0	0	0	0	0	0
790646	Onions, yellow, raw	0.83	0.05	0	0	0	8.61	5.82	1.9	90.1	15	0.28	9	34	182	1	0.2	0.035	0	0.144	0	0	0	0	8.2	0	0	0	0	0	0	0	0	0	0	0	0	0	0	0	0	0	0
790774	Bananas, overripe, raw	0.73	0.22	0	0	0	20.1	0	1.7	78.3	0	0	0	0	0	0	0	0	0	0	0	1	0	0	9.7	0.04	0	0.57	0	0.234	25	0	0	0.2	0	0	0	0	0	0	0	0	0
790991	Bananas, ripe and slightly ripe, raw	0.74	0.29	0	0	0	23	0	1.7	75.3	5	0	28	22	326	0	0.16	0.101	0	0.258	0	1	0	0	12.3	0.056	0	0.662	0	0.209	14	0	0	0.1	0	0	0	0	0	0	0	0	0
1104647	Garlic, raw	6.62	0.38	0	0	0	28.2	0	2.7	63.1	0	0	0	0	0	0	0	0	0	0	9.8	0	0	0	10	0	0	0	0	0	0	0	0	0	0	0	0	0	0	0	0	0	0
1104705	Flour, soy, defatted	51.1	3.33	0	0	0	32.9	0	0	6.24	338	7.34	313	726	2480	2	4.44	1.51	0	3.81	45.8	0	0	0	0	0.542	0.298	3.43	0	0.618	0	0	0	0	0.616	1.97	2.31	4.11	3.06	0.622	2.86	2.31	1.27
1104766	Flour, soy, full-fat	38.6	20.7	0	0	0	27.9	0	0	7.85	258	9.51	254	607	1860	2	3.75	1.09	0	3.16	14.3	0	0	0	0	0.362	0.363	2.74	0	0.34	0	0	0	0	0.45	1.48	1.74	3.06	2.14	0.485	2.15	1.74	0.95
1104812	Flour, rice, brown	7.19	3.85	0	0	0	75.5	0	0	12.1	10	1.5	124	319	265	1	1.91	0.286	0	2.84	9.68	0	0	0	0	0.322	0.008	5.99	0	0.132	0	0	0	0	0	0	0	0	0	0	0	0	0
1104867	Flour, rice, glutinous	6.69	1.16	0	0	0	80.1	0	0	11.8	10	0.34	21.2	63	80	6	1.34	0.17	0	0.995	2	0	0	0	0	0.053	0	1.12	0	0.044	0	0	0	0	0	0	0	0	0	0	0	0	0
1104913	Flour, pastry, unenriched, unbleached	8.75	1.64	0	0	0	77.2	0	0	11.9	17	0.87	22.4	102	142	1	0.74	0.159	0	0.635	5	0	0	0	0	0.146	0	0.988	0	0.065	0	0	0	0	0	0	0	0	0	0	0	0	0
1104962	Onions, white, raw	0.89	0.13	0	0	0	7.68	5.76	1.2	91.3	21	0.15	9.3	29	141	2	0.12	0.047	0	0.099	0	0	0	0	0	0	0	0	0	0	0	0	0	0	0	0	0	0	0	0	0	0	0
1105073	Bananas, overripe, raw	0.73	0.22	0	0	0	20.1	15.8	1.7	78.3	0	0	0	0	0	0	0	0	0	0	0	1	0	0	9.7	0.04	0	0.57	0	0.234	25	0	0	0.2	0	0	0	0	0	0	0	0	0
1105314	Bananas, ripe and slightly ripe, raw	0.74	0.29	0	0	0	23	15.8	1.7	75.3	5	0	28	22	326	0	0.16	0.101	0	0.258	0	1	0	0	12.3	0.056	0	0.662	0	0.209	14	0	0	0.1	0	0	0	0	0	0	0	0	0
1105430	Apples, red delicious, with skin, raw	0.19	0.21	0	0	0	14.8	11.1	2	84.7	5	0	4.7	9	95	0	0.02	0.024	0	0.03	0	0	0	0	0	0.009	0.066	0.09	0	0.021	0	0	0	0	0	0	0	0	0	0	0	0	0
1105547	Apples, honeycrisp, with skin, raw	0.1	0.1	0	0	0	14.7	11.7	1.7	85	4	0	4.2	8	98	0	0.02	0.023	0	0.04	0	0	0	0	0	0.009	0.074	0.074	0	0.033	0	0	0	0	0	0	0	0	0	0	0	0	0
1105664	Apples, granny smith, with skin, raw	0.27	0.14	0	0	0	14.2	10.5	2.5	85.1	5	0.07	5.1	10	116	0	0.02	0.035	0	0.039	0	0	0	0	0	0.018	0.075	0.11	0	0.028	0	0	0	0	0	0	0	0	0	0	0	0	0
1105781	Apples, gala, with skin, raw	0.13	0.15	0	0	0	14.8	11.3	2.1	84.6	7	0.06	5	8	106	0	0.02	0.034	0	0.04	0	0	0	0	0	0.011	0.069	0.09	0	0.032	0	0	0	0	0	0	0	0	0	0	0	0	0
1105897	Apples, fuji, with skin, raw	0.15	0.16	0	0	0	15.7	12.6	2.1	83.6	6	0.02	4.7	10	104	1	0.02	0.033	0	0.033	0	0	0	0	0	0.006	0.068	0.091	0	0.036	0	0	0	0	0	0	0	0	0	0	0	0	0
1750337	Soy milk, unsweetened, plain, shelf stable	3.546875	2.125	0.3138	0.4163	1.154	1.293125	0.5569	0	92.4	101	0.5416	21.54	68.65	158.2	34.28	0.3118	0.1078	0	0.2077	1.942	58.2	0.1557	0.681	0	0.06319	0.084	0.2356	0	0.05525	19.69	0.3931	0	0	0.04625	0.1281	0.145	0.2494	0.2206	0.04625	0.175	0.1419	0.0975
1750338	Almond milk, unsweetened, plain, shelf stable	0.5546875	1.221	0.1038	0.7288	0.2763	0.3371125	0	0	97.4	172.7	0.2899	6.785	29.85	30.79	59.58	0.1718	0.02126	0	0.04497	0	41.4	3.323	0.927	0	0	0.03339	0.07438	0	0	0	0.3375	0	0	0	0	0	0	0	0	0	0	0
1750339	Apples, red delicious, with skin, raw	0.1875	0.2125	0	0	0	14.7817	12.221	2.043	84.67	4.656	0	4.695	9.183	95.31	0	0.01964	0.02429	0	0.02948	0	0	0	0	0	0.00875	0.06625	0.09	0	0.02131	0	0	0	0	0	0	0	0	0	0	0	0	0
1750340	Apples, fuji, with skin, raw	0.1484375	0.1625	0	0	0	15.6511625	13.332	2.075	83.61	5.975	0.015	4.67	9.78	103.8	1.013	0.01676	0.03279	0	0.03263	0	0	0	0	0	0.00625	0.0675	0.09063	0	0.03544	0	0	0	0	0	0	0	0	0	0	0	0	0
1750341	Apples, gala, with skin, raw	0.1328125	0.15	0	0	0	14.7680875	11.835	2.109	84.65	6.639	0.06013	4.947	8.435	105.9	0.2788	0.02349	0.03394	0	0.04004	0	0	0	0	0	0.01125	0.06875	0.08938	0	0.03175	0.8125	0	0	0	0	0	0	0	0	0	0	0	0
1750342	Apples, granny smith, with skin, raw	0.265625	0.1375	0	0	0	14.142975	10.651	2.514	85.14	5.483	0.06963	5.055	9.859	115.9	0	0.02276	0.03544	0	0.03934	0	0	0	0	0	0.01688	0.075	0.11	0	0.02788	0	0	0	0	0	0	0	0	0	0	0	0	0
1750343	Apples, honeycrisp, with skin, raw	0.1015625	0.1	0	0	0	14.6819375	12.368	1.721	85.03	3.874	0	4.151	7.852	98.04	0.1375	0.01828	0.0234	0	0.0397	0	0	0	0	0	0.00875	0.07375	0.07375	0	0.03275	0	0	0	0	0	0	0	0	0	0	0	0	0
1750344	Mushroom, lion's mane	2.5	0.2563	0	0	0	7.5897	0	0	88.57	0	0.6883	11.72	93.95	443.3	0.3363	0.7448	0.1771	0	0.1796	1.773	0	0	0	0	0.1463	0	1.626	0	0.0655	29.58	0	0	0	0	0	0	0	0	0	0	0	0
1750345	Mushroom, oyster	2.89875	0.1875	0	0	0	6.94125	0	0	89.24	0	0.6981	13.91	86.24	281.6	1.128	0.6843	0.1064	0	0.08554	1.379	0	0	0	0	0.07	0	5.751	0	0.09888	63.14	0	0	0	0	0	0	0	0	0	0	0	0
1750346	Mushrooms, shiitake	2.414375	0.195	0	0	0	8.170625	0	0	88.6	0.7663	0.1443	14.06	75.82	243	0.9363	0.7641	0.04978	0	0.1734	1.244	0	0	0	0	0.00125	0	2.741	0	0.1593	32.13	0	0	0	0	0	0	0	0	0	0	0	0
1750347	Mushrooms, white button	2.890625	0.3708	0	0	0	4.079375	0	0	91.83	5.465	0.2267	10.16	93.05	373	6.443	0.511	0.3888	0	0.0538	20.05	0	0	0	0	0.065	0	3.883	0	0.07683	34.76	0	0	0	0	0	0	0	0	0	0	0	0
1750348	Oil, peanut	0	0	16.2	57.14	19.92	0	0	0	0	0	0	0	0	0	0	0	0	0	0	0	0	15.23	0	0	0	0	0	0	0	0	0	0	4.263	0	0	0	0	0	0	0	0	0
1750349	Oil, sunflower	0	0	8.991	63.37	20.71	0	0	0	0	0	0	0	0	0	0	0	0	0	0	0	0	68.48	0	0	0	0	0	0	0	0	0	0	6.925	0	0	0	0	0	0	0	0	0
1750350	Oil, safflower	0	0	7.651	71.63	13.79	0	0	0	0	0	0	0	0	0	0	0	0	0	0	0	0	45.95	0	0	0	0	0	0	0	0	0	0	5.344	0	0	0	0	0	0	0	0	0
1750351	Oil, olive, extra light	0	0	15.82	66.63	10.37	0	0	0	0	0	0	0	0	0	0	0	0	0	0	0	0	20.88	0	0	0	0	0	0	0	0	0	0	26.04	0	0	0	0	0	0	0	0	0
1750352	Spinach, baby	2.851875	0.6188	0	0	0	2.406325	0	1.558	92.52	68.35	1.261	92.86	39.05	581.8	111.4	0.4471	0.08181	0	0.4884	0	283.119817	0	0	26.52	0.07688	0.1935	0.5506	0	0.1946	116.5	0	0	0	0	0	0	0	0	0	0	0	0
1750353	Spinach, mature	2.90625	0.6044	0	0	0	2.64135	0	1.588	92.43	66.64	1.054	92.96	40.56	459.7	106.6	0.4229	0.07883	0	0.4257	0	306	0	0	30.27	0.0765	0.192	0.51	0	0.2143	113.4	0	0	0	0	0	0	0	0	0	0	0	0
1750354	Tomato, roma	0.695625	0.425	0	0	0	3.837475	0	0.9706	94.73	9.963	0.1031	8.089	19.09	192.8	0	0.08245	0.03198	0	0.0869	0	23.9	0	0	17.75	0.05575	0	0.5331	0	0.07894	9.994	0	0	0	0	0	0	0	0	0	0	0	0
1999626	Mushroom, lion's mane	2.5	0.2563	0	0	0	7.5897	0	4.376	88.57	0	0.6883	11.72	93.95	443.3	0.3363	0.7448	0.1771	0	0.1796	1.773	0	0	0.0212	0	0.1463	0.3631	1.626	0	0.0655	29.58	0	0	0	0	0	0	0	0	0	0	0	0
1999627	Mushroom, oyster	2.89875	0.1875	0	0	0	6.94125	0	2.85	89.24	0	0.6981	13.91	86.24	281.6	1.128	0.6843	0.1064	0	0.08554	1.379	0	0	0.0406	0	0.07	0.2438	5.751	0	0.09888	63.14	0	0	0	0	0	0	0	0	0	0	0	0
1999628	Mushrooms, shiitake	2.414375	0.195	0	0	0	8.170625	0	4.166	88.6	0.7663	0.1443	14.06	75.82	243	0.9363	0.7641	0.04978	0	0.1734	1.244	0	0	0.0562	0	0.00125	0.2163	2.741	0	0.1593	32.13	0	0	0	0	0	0	0	0	0	0	0	0
1999629	Mushrooms, white button	2.890625	0.3708	0	0	0	4.079375	0	1.717	91.83	5.465	0.2267	10.16	93.05	373	6.443	0.511	0.3888	0	0.0538	20.05	0	0	0.0217	0	0.065	0.4442	3.883	0	0.07683	34.76	0	0	0	0	0	0	0	0	0	0	0	0
1999630	Soy milk, unsweetened, plain, shelf stable	3.546875	2.125	0.3138	0.4163	1.154	1.293125	0.5569	0	92.4	101	0.5416	21.54	68.65	158.2	34.28	0.3118	0.1078	0	0.2077	1.942	58.2	0.1557	0.681	0	0.06319	0.084	0.2356	0	0.05525	19.69	0.3931	0	0	0.04625	0.1281	0.145	0.2494	0.2206	0.04625	0.175	0.1419	0.0975
1999631	Almond milk, unsweetened, plain, shelf stable	0.5546875	1.221	0.1038	0.7288	0.2763	0.3371125	0	0	97.4	172.7	0.2899	6.785	29.85	30.79	59.58	0.1718	0.02126	0	0.04497	0	41.4	3.323	0.927	0	0	0.03339	0.07438	0	0	0	0.3375	0	0	0	0	0	0	0	0	0	0	0
1999632	Spinach, baby	2.851875	0.6188	0	0	0	2.406325	0	1.558	92.52	68.35	1.261	92.86	39.05	581.8	111.4	0.4471	0.08181	0	0.4884	0	283	0	0	26.52	0.07688	0.1935	0.5506	0	0.1946	116.5	0	0	0	0	0	0	0	0	0	0	0	0
1999633	Spinach, mature	2.90625	0.6044	0	0	0	2.64135	0	1.588	92.43	66.64	1.054	92.96	40.56	459.7	106.6	0.4229	0.07883	6.088	0.4257	0	306	0	0	30.27	0.0765	0.192	0.51	0	0.2143	113.4	0	0	0	0	0	0	0	0	0	0	0	0
1999634	Tomato, roma	0.695625	0.425	0	0	0	3.837475	0	0.9706	94.73	9.963	0.1031	8.089	19.09	192.8	0	0.08245	0.03198	0	0.0869	0	23.9	0	0	17.75	0.05575	0	0.5331	0	0.07894	9.994	0	0	0	0	0	0	0	0	0	0	0	0
2003586	Flour, 00	11.4	1.52	0	0	0	74.4462	0	2.656	12.17	18.68	0.9863	25.8	106.2	135.5	0	0.791	0.1675	0	0.5516	10.3	0	0	0	0	0.125	0.09125	1.364	0	0.05513	13.46	0	0	0	0	0	0	0	0	0	0	0	0
2003587	Flour, spelt, whole grain	14.475	2.543	0	0	0	70.723	0	9.339	10.72	30.04	3.769	123.8	361.7	349.8	0	3.591	0.5313	0	2.943	9.479	0	0	0	0	0.2981	0.1431	5.466	0	0.2355	38.42	0	0	0	0	0	0	0	0	0	0	0	0
2003588	Flour, semolina, coarse and semi-coarse	11.73125	1.597	0	0	0	73.82345	0	3.216	12.24	17.16	1.547	35.21	129.8	173.8	0	0.947	0.2273	0	0.647	29.79	0	0	0	0	0.405	0.2467	3.632	0	0.08283	167.7	0	0	0	0	0	0	0	0	0	0	0	0
2003589	Flour, semolina, fine	13.33125	1.838	0	0	0	71.98575	0	3.683	12.11	19.76	2.431	46.28	163.1	207.8	0.4263	1.24	0.2855	0	0.842	44.07	0	0	0	0	0.695	0.34	5.599	0	0.1082	163.6	0	0	0	0	0	0	0	0	0	0	0	0
2003590	Apple juice, with added vitamin C, from concentrate, shelf stable	0.0859375	0.2863	0	0	0	11.3639625	10.295	0	88.14	7.099	0.04016	4.861	5.987	95.87	4.872	0.002125	0.003401	0	0.0271	0	0	0	0	51.16	0	0	0.01031	0	0.01388	3.088	0	0	0	0	0	0	0	0	0	0	0	0
2003591	Orange juice, no pulp, not fortified, from concentrate, refrigerated	0.734375	0.325	0	0	0	10.340625	8.276	0	88.25	12.81	0.06458	10.64	18.15	179.5	5.231	0.03189	0.03218	0	0.02986	0	0	0	0	26.89	0.07006	0	0.04031	0	0.04288	29.85	0	0	0	0	0	0	0	0	0	0	0	0
2003592	Grape juice, purple, with added vitamin C, from concentrate, shelf stable	0.2578125	0.2875	0	0	0	15.6227875	14.036	0	83.71	9.741	0.04092	7.873	11.95	49.78	4.019	0.0571	0.01469	0	0.1658	0	0	0	0	45.61	0.02588	0	0.01638	0	0.03869	0.6644	0	0	0	0	0	0	0	0	0	0	0	0
2003593	Grape juice, white, with added vitamin C, from concentrate, shelf stable	0.09375	0.265	0	0	0	15.84375	14.446	0	83.66	7.318	0.1191	4.274	12.57	49.01	7.188	0.01773	0.004458	0	0.06128	0	0	0	0	55.25	0	0	0.005875	0	0.01413	1.731	0	0	0	0	0	0	0	0	0	0	0	0
2003594	Cranberry juice, not fortified, from concentrate, shelf stable	0	0.3375	0	0	0	7.26375	3.413	0	92.3	6.641	0.1257	4.381	3.299	70.58	6.341	0.0412	0.01316	0	0.2111	0	0	0	0	0	0.0175	0	0.0095	0	0.00925	8.968	0	0	0	0	0	0	0	0	0	0	0	0
2003595	Grapefruit juice, red, not fortified, not from concentrate, refrigerated	0.5703125	0.2669	0	0	0	9.1021875	7.116	0	89.84	8.879	0.01529	7.748	14.58	128.3	1.031	0.02739	0.02411	0	0.01548	0	0	0	0	24.14	0.03275	0	0.01875	0	0.022	19.02	0	0	0	0	0	0	0	0	0	0	0	0
2003596	Tomato juice, with added ingredients, from concentrate, shelf stable	0.859375	0.2875	0	0	0	4.320625	2.567	0	93.6	9.744	0.2988	10.43	18.54	197.6	235.6	0.104	0.05745	0	0.05834	0	0	0	0	49.8	0.04188	0	0.0865	0	0.07613	18.93	0	0	0	0	0	0	0	0	0	0	0	0
2003597	Orange juice, no pulp, not fortified, not from concentrate, refrigerated	0.8125	0.3563	0	0	0	10.0124	8.077	0	88.48	9.288	0.07061	10.26	18.96	182.8	0.075	0.03206	0.03529	0	0.02774	0	0	0	0	30.54	0.07456	0	0.02906	0	0.04113	28.98	0	0	0	0	0	0	0	0	0	0	0	0
2003598	Mushroom, portabella	2.75	0.3117	0	0	0	4.6583	0	1.879	91.48	3.235	0.139	9.037	87.48	349.3	5.312	0.3888	0.2033	0	0.04873	14.67	0	0	0	0	0.005167	0.465	3.898	0	0.09692	0	0	0	0	0	0	0	0	0	0	0	0	0
2003599	Mushroom, king oyster	2.40625	0.3075	0	0	0	8.50065	0	3.009	88.13	0	0.3381	13.51	89.86	294.5	0.7713	0.6254	0.047	0	0.09125	1.203	0	0	0.07	0	0.006375	0.2438	6.451	0	0.1188	0	0	0	0	0	0	0	0	0	0	0	0	0
2003600	Mushroom, enoki	2.416875	0.245	0	0	0	8.141425	0	2.945	88.29	1.432	1.275	12.84	84.1	402.3	0.4167	0.4815	0.09342	0	0.09013	0	0	0	0	0	0.012	0.24	6.987	0	0.1188	0	0	0	0	0	0	0	0	0	0	0	0	0
2003601	Mushroom, crimini	3.09375	0.1967	0	0	0	4.01455	0	1.781	91.82	4.105	0.3115	10.25	100.5	380.3	4.572	0.5123	0.3212	0	0.06095	15.31	0	0	0	0	0.004167	0.5167	4.17	0	0.1125	0	0	0	0	0	0	0	0	0	0	0	0	0
2003602	Mushroom, maitake	2.203125	0.265	0	0	0	6.604375	0	3.071	90.37	0	0.2089	11.04	72.38	260	0.345	0.7629	0.2719	0	0.0584	3.269	0	0	1.6	0	0.009875	0.2694	6.763	0	0.071	0	0	0	0	0	0	0	0	0	0	0	0	0
2003603	Mushroom, beech	2.18	0.4494	0	0	0	6.7593	0	3.139	89.85	0.4325	0.7388	10.49	85.9	375.9	0.8913	0.4978	0.07302	0	0.156	0.38	0	0	0.37	0	0.007875	0.2075	6.4	0	0.1054	0	0	0	0	0	0	0	0	0	0	0	0	0
2003604	Mushroom, pioppini	3.5	0.24	0	0	0	5.7637	0	2.753	89.56	0	0.486	15.99	120.6	392.4	0	0.8573	0.2755	0	0.09791	4.121	0	0	0	0	0.01213	0.4263	6.224	0	0.1023	0	0	0	0	0	0	0	0	0	0	0	0	0
2257044	Soy milk, sweetened, plain, refrigerated	2.776875	1.957	0	0	0	2.996125	0	0	91.52	154.8	0.3666	17.46	45.96	117.9	39.44	0.2636	0.09561	0	0.1596	0	0	0	4.63	0	0.04357	0.3307	0.1329	0	0.03643	15.81	1.327	0	2.8	0.03429	0.1	0.1	0.2	0.2	0.03286	0.1571	0.1014	0.1
2257045	Almond milk, unsweetened, plain, refrigerated	0.65625	1.558	0	0	0	0.67075	0	0	96.52	157.5	0.1247	8.249	19.08	49.27	59.22	0.07661	0.02688	0	0.05642	0	0	0	1.59	0	0.005	0.08333	0.08875	0	0	0	0.4492	0	0	0.00125	0.01	0.02625	0.04625	0.03125	0.00125	0.0425	0.0175	0.01375
2257046	Oat milk, unsweetened, plain, refrigerated	0.796875	2.749	0	0	0	5.100325	2.3216	0	90.56	148.5	0.2612	5.909	89.18	148.4	41.98	0.09062	0.02712	0	0.1262	0	0	0	1.7	0	0.04	0.2807	0.09625	0	0.0065	0	0.5064	0	0.4	0.00875	0.0225	0.025	0.08125	0.06125	0.01	0.0725	0.0325	0.0175
2258586	Carrots, mature, raw	0.94125	0.3506	0	0	0	10.26755	0	3.095	87.72	30.48	0.1504	12.45	39.81	279.6	86.65	0.2364	0.06148	0	0.1301	0	0	0	0	0	0.065	0.095	1.406	0	0.1456	37.06	0	0	0	0	0	0	0	0	0	0	0	0
2258587	Carrots, baby, raw	0.805	0.1375	0	0	0	9.0787	0	2.694	89.3	42.23	0.088	11.06	29.58	237.3	62.66	0.1597	0.04062	0	0.09288	0	0	0	0	0	0.04381	0.1156	0.7413	0	0.1146	43.65	0	0	0	0	0	0	0	0	0	0	0	0
2258588	Peppers, bell, green, raw	0.715	0.1063	0	0	0	4.7781	0	0.9419	94.12	7.496	0.1861	9.004	16.75	163.1	0	0.1256	0.05775	0	0.09991	0	0	0	0	99.51	0.03906	0.08875	0.6363	0	0.2468	22.21	0	0	0	0	0	0	0	0	0	0	0	0
2258589	Peppers, bell, yellow, raw	0.819375	0.1211	0	0	0	6.601725	0	1.071	92.08	6.686	0.3596	10.34	24.76	197.3	0	0.193	0.04529	0	0.1417	0	0	0	0	138.8	0.04867	0.09778	0.91	0	0.2918	41.63	0	0	0	0	0	0	0	0	0	0	0	0
2258590	Peppers, bell, red, raw	0.895625	0.1256	0	0	0	6.653175	0	1.158	91.93	6.361	0.3533	10.98	26.59	212.7	0	0.2023	0.03983	0	0.1328	0	0	0	0	141.7	0.05494	0.1422	1.024	0	0.3027	47.32	0	0	0	0	0	0	0	0	0	0	0	0
2258591	Peppers, bell, orange, raw	0.881875	0.1556	0	0	0	6.703125	0	0.9674	91.88	4.899	0.3652	10.43	26.59	200.8	0	0.2422	0.0351	0	0.1491	0.3	0	0	0	158.3	0.05456	0.1017	1.078	0	0.3324	0	0	0	0	0	0	0	0	0	0	0	0	0
2259792	Buttermilk, low fat	3.464978	1.081	0.5525	0.1988	0	4.811522	0	0	89.79	120.1	0.01325	11.03	92.19	158	92.49	0.4263	0.00135	34.16	0	0	0	0	0.543	0	0.0485	0.1963	0.1275	0	0.03931	0	0	0	0.3	0	0	0	0	0	0	0	0	0
2259793	Yogurt, plain, whole milk	3.824172	4.484	2.316	0.8738	0	5.574928	4.0936	0	85.27	126.8	0	11.45	101.2	164.1	41.78	0.4283	0.003175	32.33	0.001539	0	0	0	0.778	0	0.05519	0.2431	0.135	0	0.04506	0	0	0	1.1	0	0	0	0	0	0	0	0	0
2259794	Yogurt, Greek, plain, whole milk	8.77888	4.394	2.393	0.9575	0	4.75402	3.2474	0	81.32	110.9	0	10.7	125.9	146.9	33.76	0.473	0.009513	42.28	0.005738	0	0	0	0	0	0.05525	0.2444	0.2269	0	0.04394	0	0	0	1.2	0	0	0	0	0	0	0	0	0
2259795	Cheese, parmesan, grated, refrigerated	30.13912	29.5	17.17	6.016	0	4.33188	0.63815	0	30.83	950.4	0.1405	35.37	625.3	73.95	1046	4.623	0.04233	82.9	0.03713	0	0	0	0	0	0.03486	0.4094	0.1406	0	0.02294	0	0	0	8.7	0	0	0	0	0	0	0	0	0
2259796	Cheese, feta, whole milk, crumbled	19.70782	19.08	11.17	4.184	0	5.58318	1.6257	0	51.89	371.1	0.0675	17.69	327.6	105.3	1034	2.353	0.03155	48.44	0.02003	0	0	0	0	0	0.05638	0.4444	0.2644	0	0.03831	0	0	0	6	0	0	0	0	0	0	0	0	0
2261420	Flour, almond	26.24375	50.23	0	0	0	16.24925	0	9.266	4.316	232.3	3.225	251.1	512.1	666.8	0.8944	2.795	0.9753	0	1.813	0.7419	0	0	0	0	0.1125	0.7475	3.998	0	0.09988	37.83	0	0	0	0	0	0	0	0	0	0	0	0
2261421	Flour, oat, whole grain	13.16875	6.309	0	0	0	69.91725	0	10.5	8.859	42.81	3.997	125.3	371.8	373.1	3.619	2.754	0.4434	0	3.257	38.2	0	0	0	0	0.39	0.1613	1.945	0	0.1476	34.69	0	0	0	0	0	0	0	0	0	0	0	0
2261422	Flour, potato	8.1125	0.9513	0	0	0	79.9422	0	5.401	8.281	44.12	11.97	73.65	197.3	1269	47.66	0.9002	0.2309	0	0.6758	1.425	0	0	0	0	0.1981	0.115	5.628	0	0.582	41.15	0	0	0	0	0	0	0	0	0	0	0	0
2262072	Peanut butter, creamy	23.99124	49.43	8.415	30.71	9.781	22.70376	0	6.323	1.104	49.85	1.853	192.6	393.2	654	220.7	3.062	0.5405	0	1.681	20.16	0	5.413	0	0	0.1206	0	17.2	0	0.3805	97.29	0	0	0	0.2288	0.8063	0.92	1.881	0.9513	0.29	1.501	1.116	0.6763
2262073	Sesame butter, creamy	19.7054	62.4	8.966	22.57	26.37	14.179	0	8.372	0.6056	115.8	7.003	356.8	719.3	407.7	63.63	6.039	1.646	0	1.609	46.48	0	0	0	0	0.9928	0	5.813	0	0.5953	108.4	0	0	1.713	0.3088	0.9163	0.8588	1.649	0.6725	0.7388	1.116	1.1	0.6175
2262074	Almond butter, creamy	20.78734	53.04	4.253	34.69	12.61	21.23666	0	9.718	1.751	263.8	4.108	267.8	506.9	745.4	0.9963	3.178	0.9746	0	2.135	0.7938	0	16.67	0	0	0.09456	0	3.909	0	0.08375	42.46	0	0	0	0.1963	0.7788	0.93	1.753	0.6463	0.1888	1.384	1.094	0.6388
2262075	Flaxseed, ground	18.0359	37.28	3.281	5.944	24.73	34.3551	0	23.13	6.804	229.9	5.778	372.1	556.4	793.4	36.74	4.738	1.344	0	2.405	135.9	0	0	0	0	0.5368	0	3.756	0	0.3926	41.45	0	0	3.675	0.3013	0.9313	0.9375	1.38	0.9325	0.4025	1.116	1.138	0.5138
2263887	Strawberries, raw	0.640625	0.22	0	0	0	7.964375	4.862	0	90.83	16.9	0.255	12.52	22.98	160.7	0	0.114	0.03471	0	0.3675	0	0	0	0	59.62	0	0	0	0	0	0	0	0	0	0	0	0	0	0	0	0	0	0
2263888	Raspberries, raw	1.008125	0.1875	0	0	0	12.904375	2.6759	0	85.55	16.41	0.4501	19.15	27.47	155.8	0	0.2213	0.05289	0	0.4935	0	0	0	0	23.04	0	0	0	0	0	0	0	0	0	0	0	0	0	0	0	0	0	0
2263889	Blueberries, raw	0.703125	0.3063	0	0	0	14.571775	9.356	0	84.19	11.69	0.3398	6.179	12.96	85.64	0	0.08534	0.04605	0	0.4228	0	0	0	0	8.059	0	0	0	0	0	0	0	0	0	0	0	0	0	0	0	0	0	0
2263890	Grapes, red, seedless, raw	0.914375	0.1638	0	0	0	20.196825	17.341	0	78.19	10.17	0.1615	8.556	24.86	229.4	6.999	0.03603	0.08081	0	0.09758	0	0	0	0	3.308	0	0	0	0	0	0	0	0	0	0	0	0	0	0	0	0	0	0
2263891	Grapes, green, seedless, raw	0.89875	0.2325	0	0	0	18.60375	16.133	0	79.88	9.897	0.1991	7.118	21.98	218.1	3.171	0.02674	0.06091	0	0.08365	0	0	0	0	3.017	0	0	0	0	0	0	0	0	0	0	0	0	0	0	0	0	0	0
2263892	Applesauce, unsweetened, with added vitamin C	0.2734375	0.1625	0	0	0	12.2615625	9.663	0	87.1	3.821	0.04475	3.938	9.119	107.7	0.5038	0.002625	0.03905	0	0.0368	0	0	0	0	43.69	0	0	0	0	0	0	0	0	0	0	0	0	0	0	0	0	0	0
2346384	Cottage cheese, full fat, large or small curd	11.62436	4.225	2.601	0.916	0	4.59964	0	0	78.1	88.27	0	9.189	154	123.6	349.8	0.4538	0	45.69	0	0	0	0	0	0	0.0522	0	0.138	0	0.0466	0	0.6617	0	1.5	0	0	0	0	0	0	0	0	0
2346385	Cream cheese, full fat, block	5.78985	33.49	19.73	6.924	0	4.55615	0	0	54.72	97.11	0	8.914	107.7	124.8	367.8	0.5891	0	34.93	0	0	0	0	0	0	0.03813	0	0.0925	0	0.03925	0	0	0	12.3	0	0	0	0	0	0	0	0	0
2346386	Cream, heavy	2.017994	35.56	20.45	7.339	0	3.799506	0	0	58.13	61.21	0	5.974	57.03	96.94	20.61	0.2231	0	19.38	0	0	0	0	0	0	0.03225	0	0.06125	0	0.031	0	0	0	11.3	0	0	0	0	0	0	0	0	0
2346387	Cream, sour, full fat	3.070694	17.99	10.7	3.805	0	5.555506	0	0	72.58	107.2	0	10.11	102	153.8	50.04	0.3919	0	32.75	0	0	0	0	0	0	0.04275	0	0.1	0	0.0385	0	0.06175	0	6.4	0	0	0	0	0	0	0	0	0
2346388	Lettuce, iceberg, raw	0.7425	0.07375	0	0	0	3.36875	0	0	95.5	14.24	0.03325	6.311	19.18	139.3	16.11	0.1728	0.03335	0	0.08164	0	0	0	0	0	0.05638	0	0.2175	0	0.04013	0	0	0	20.5	0	0	0	0	0	0	0	0	0
2346389	Lettuce, romaine, green, raw	0.976875	0.07125	0	0	0	4.055575	0	0	94.29	27.56	0.267	12.05	23.41	260.4	23	0.2516	0.04865	0	0.2271	0	0	0	0	0	0.06288	0	0.3713	0	0.06325	0	0	0	83.4	0	0	0	0	0	0	0	0	0
2346390	Lettuce, leaf, red, raw	0.883125	0.1063	0	0	0	3.260575	0	0	95.05	42.59	0.4023	12.4	24.4	321.4	24.89	0.3033	0.03773	0	0.177	0	0	0	0	9.343	0.06075	0	0.3288	0	0.07413	0	0	0	73.2	0	0	0	0	0	0	0	0	0
2346391	Lettuce, leaf, green, raw	1.09375	0.1563	0	0	0	4.06615	0	0	94.01	39.84	0.3195	12.77	26.55	277.1	28.88	0.3103	0.03984	0	0.1559	0	0	0	0	15.15	0.08225	0	0.375	0	0.07088	0	0	0	118.5	0	0	0	0	0	0	0	0	0
2346392	Nuts, pine nuts, raw	15.7039	61.27	0	0	0	18.5921	0	3.941	1.925	8.736	5.36	205.9	540	654.8	0	5.713	1.119	0	10.25	0	0	0	0	0	0.6253	0	4.466	0	0.2546	0	0	0	3.2	0.1467	0.4667	0.5667	1.097	0.5867	0.33	0.5933	0.7367	0.37
2346393	Nuts, almonds, whole, raw	21.45038	51.09	3.785	31.314	11.18	20.03462	0	10.78	4.261	253.6	3.741	257.6	502.9	732.8	0	2.865	0.9104	0	2.149	0	0	0	0	0	0.1605	0	3.77	0	0.1008	0	0	0	0	0.208	0.608	0.774	1.488	0.618	0.154	1.198	0.916	0.548
2346394	Nuts, walnuts, English, halves, raw	14.5644	69.74	6.054	9.625	49.331	10.9096	0	5.21	3.145	88.26	2.235	142.4	365.1	423.5	0	2.76	1.206	0	2.995	0	0	0	0	0	0.23	0	1.218	0	0.6603	0	0	0	1.7	0.1267	0.4433	0.52	0.9967	0.38	0.19	0.6067	0.5967	0.3433
2346395	Nuts, pecans, halves, raw	9.9587	73.28	6.465	39.282	22.924	12.6993	0	5.793	2.623	54.83	2.371	102.9	252.7	360.3	0	3.93	0.9065	0	2.28	0	0	0	0	0	0.5476	0	0.9463	0	0.1711	0	0	0	4.1	0.115	0.3025	0.365	0.67	0.32	0.1675	0.4625	0.435	0.2625
2346396	Oats, whole grain, rolled, old fashioned	13.49645	5.89	0	0	0	68.65755	0	0	10.25	45.53	4.339	126.3	387.3	350.1	0.6675	2.744	0.4278	0	3.234	25.35	0	0	0	0	0.4063	0	0.9931	0	0.1346	32.03	0	0	0	0	0	0	0	0	0	0	0	0
2346397	Oats, whole grain, steel cut	12.51118	5.8	0	0	0	69.75082	0	0	10.14	51.34	3.801	128.6	417.3	375.9	0.3113	2.843	0.4113	0	3.414	29.04	0	0	0	0	0.3338	0	0.9263	0	0.1189	29.99	0	0	0	0	0	0	0	0	0	0	0	0
2346398	Pineapple, raw	0.4609375	0.2113	0	0	0	14.0914625	11.42	0.9346	84.99	12.5	0.054	13.38	5.42	137.1	0	0.1067	0.09545	0	0.866	0	0	0	0	58.61	0.06375	0	0.2275	0	0.1101	0	0	0	0	0	0	0	0	0	0	0	0	0
2346399	Cherries, sweet, dark red, raw	1.039375	0.1925	0	0	0	16.163125	13.872	0	82.18	12.26	0.1054	12.11	23.25	229.6	0	0.06446	0.06925	0	0.07336	0	0	0	0	10.39	0	0	0	0	0.04888	0	0	0	0	0	0	0	0	0	0	0	0	0
2346400	Beans, snap, green, raw	1.96875	0.275	0	0	0	7.41245	2.3338	3.011	89.66	40.05	0.6516	28.21	41.15	290.4	0	0.3498	0.09829	0	0.3324	0	0	0	0	0	0.06	0	0.7313	0	0.121	0	0	0	43.9	0	0	0	0	0	0	0	0	0
2346401	Potatoes, russet, without skin, raw	2.27375	0.36	0	0	0	17.77125	0.5263	0	78.61	7.801	0.3835	25.64	55.19	450.1	2.743	0.3781	0.09118	0	0.152	0	0	0	0	10.9	0.07375	0	1.501	0	0.1573	0	0	0	1.5	0	0	0	0	0	0	0	0	0
2346402	Potatoes, red, without skin, raw	2.0625	0.2475	0	0	0	16.27	0.6639	0	80.47	5.128	0.3911	23.56	55.65	472	2.856	0.3923	0.09124	0	0.1648	0	0	0	0	21.29	0.06625	0	1.481	0	0.1441	0	0	0	1.1	0	0	0	0	0	0	0	0	0
2346403	Potatoes, gold, without skin, raw	1.8125	0.2638	0	0	0	15.9624	0.6451	0	81.07	5.943	0.3728	22.3	56.95	445.8	2.238	0.3739	0.1304	0	0.1598	0	0	0	0	23.3	0.05125	0	1.585	0	0.145	0	0	0	0.8	0	0	0	0	0	0	0	0	0
2346404	Sweet potatoes, orange flesh, without skin, raw	1.578125	0.375	0	0	0	17.327875	6.0588	0	79.54	22.33	0.398	19.14	36.73	486.4	0	0.3374	0.1866	0	0.4174	0	0	0	0	14.84	0.045	0	0.4325	0	0.1241	0	0	0	0.2	0	0	0	0	0	0	0	0	0
2346405	Celery, raw	0.4921875	0.1625	0	0	0	3.3165125	0	0	95.2	46.28	0	10.93	21.6	265.2	97.21	0.0929	0	0	0.076	0	0	0	0	0	0	0	0	0	0.05175	0	0	0	0	0	0	0	0	0	0	0	0	0
2346406	Cucumber, with peel, raw	0.625	0.1775	0	0	0	2.9525	0	0	95.87	16.34	0	10.11	23.23	169.6	1.515	0.204	0.06299	0	0.08488	0	0	0	0	0	0	0	0	0	0	0	0	0	24	0	0	0	0	0	0	0	0	0
2346407	Cabbage, green, raw	0.96125	0.2275	0	0	0	6.38375	0	0	91.87	41.84	0.06625	13.86	26.93	207.1	16.1	0.2112	0	0	0.2479	0	0	0	0	40.34	0	0	0	0	0.1384	0	0	0	59.4	0	0	0	0	0	0	0	0	0
2346408	Cabbage, red, raw	1.2425	0.2138	0	0	0	6.7899	0	0	91.14	30.99	0	13.3	35.84	269.1	11.72	0.245	0.0035	0	0.3094	0	0	0	0	53.88	0	0	0	0	0.1789	0	0	0	32.3	0	0	0	0	0	0	0	0	0
2346409	Strawberries, raw	0.640625	0.22	0	0	0	7.964375	4.862	0	90.83	16.9	0.255	12.52	22.98	160.7	0	0.114	0.03471	0	0.3675	0	0	0	0	59.62	0	0	0	0	0	0	0	0	0	0	0	0	0	0	0	0	0	0
2346410	Raspberries, raw	1.008125	0.1875	0	0	0	12.904375	2.6759	0	85.55	16.41	0.4501	19.15	27.47	155.8	0	0.2213	0.05289	0	0.4935	0	0	0	0	23.04	0	0	0	0	0	0	0	0	0	0	0	0	0	0	0	0	0	0
2346411	Blueberries, raw	0.703125	0.3063	0	0	0	14.571775	9.356	0	84.19	11.69	0.3398	6.179	12.96	85.64	0	0.08534	0.04605	0	0.4228	0	0	0	0	8.059	0	0	0	0	0	0	0	0	0	0	0	0	0	0	0	0	0	0
2346412	Grapes, red, seedless, raw	0.914375	0.1638	0	0	0	20.196825	17.341	0	78.19	10.17	0.1615	8.556	24.86	229.4	6.999	0.03603	0.08081	0	0.09758	0	0	0	0	3.308	0	0	0	0	0	0	0	0	0	0	0	0	0	0	0	0	0	0
2346413	Grapes, green, seedless, raw	0.89875	0.2325	0	0	0	18.60375	16.133	0	79.88	9.897	0.1991	7.118	21.98	218.1	3.171	0.02674	0.06091	0	0.08365	0	0	0	0	3.017	0	0	0	0	0	0	0	0	0	0	0	0	0	0	0	0	0	0
2346414	Applesauce, unsweetened, with added vitamin C	0.2734375	0.1625	0	0	0	12.2615625	9.663	0	87.1	3.821	0.04475	3.938	9.119	107.7	0.5038	0.002625	0.03905	0	0.0368	0	0	0	0	43.69	0	0	0	0	0	0	0	0	0	0	0	0	0	0	0	0	0	0
2512371	Flour, amaranth	13.2093	6.236	0	0	0	68.7787	0	7.209	9.486	135.2	7.56	232.7	424.9	395.8	0	3.001	0.5179	0	2.305	21.1	0	0	0	0	0.05875	0.175	0.7475	0	0.3873	0	0	0	0	0	0	0	0	0	0	0	0	0
2512372	Flour, quinoa	11.92235	6.601	0	0	0	69.52465	0	6.295	9.951	37.56	4.528	163.8	369.3	550.9	6.321	2.77	0.4819	0	2.015	4.1	0	0	0	0	0.345	0.3163	1.211	0	0.2224	0	0	0	0	0	0	0	0	0	0	0	0	0
2512373	Flour, sorghum	8.27277	3.586	0	0	0	77.39123	0	6.019	9.414	11.41	3.721	116.4	261.9	335.1	0	1.66	0.2368	0	1.078	12.4	0	0	0	0	0.27	0.15	3.953	0	0.1656	0	0	0	0	0	0	0	0	0	0	0	0	0
2512374	Flour, buckwheat	8.88492	2.484	0	0	0	75.01808	0	10.35	12.04	30.55	3.84	167.4	281.9	378.1	0	1.755	0.5299	0	1.544	15.7	0	0	0	0	0.2413	0.16	3.839	0	0.1699	0	0	0	0	0	0	0	0	0	0	0	0	0
2512375	Flour, rye	8.3952	1.908	0	0	0	77.1618	0	13.68	11.13	32.24	2.536	95.39	280.3	434	0	2.328	0.3384	0	2.129	16.6	0	0	0	0	0.2163	0.17	1.163	0	0.1638	0	0	0	0	0	0	0	0	0	0	0	0	0
2512376	Flour, barley	8.72168	2.45	0	0	0	77.39832	0	12.79	9.899	35.56	3.301	88.04	234.4	366.6	20.33	2.144	0.3936	0	1.181	13.1	0	0	0	0	0.225	0.1463	5.941	0	0.1995	0	0	0	0	0	0	0	0	0	0	0	0	0
2512377	Flour, cassava	0.918225	0.4938	0	0	0	87.312975	0	4.834	10.56	74.55	3.988	33.56	39.24	197.6	13.08	0.4099	0.07663	0	0.3954	0	0	0	0	0	0.05125	0.0675	0.6	0	0.04988	0	0	0	0	0	0	0	0	0	0	0	0	0
2512378	Buckwheat, whole grain	11.06534	3.039	0	0	0	71.13066	0	4.046	12.95	13.64	2.444	203	373.7	414.5	0	2.236	0.4764	0	1.23	13.6	0	0	0	0	0.5388	0.1775	5.366	0	0.2776	0	0	0	0	0	0	0	0	0	0	0	0	0
2512379	Millet, whole grain	10.02177	4.194	0	0	0	74.44623	0	2.619	10.21	9.105	2.534	105.5	257.9	214.1	0	2.258	0.4883	0	0.9239	23.1	0	0	0	0	0.4113	0.1363	4.86	0	0.1918	0	0	0	0	0	0	0	0	0	0	0	0	0
2512380	Rice, brown, long grain, unenriched, raw	7.25305	3.306	0	0	0	76.68795	0	3.021	11.47	8.058	1.242	115	302.8	250.1	0	1.854	0.2659	0	2.696	14.8	0	0	0	0	0.3263	0.1025	6.271	0	0.1606	0	0	0	0	0	0	0	0	0	0	0	0	0
2512381	Rice, white, long grain, unenriched, raw	7.03885	1.033	0	0	0	80.31315	0	0.1488	11.19	4.46	0.1405	26.53	108.2	82.26	0.4625	1.354	0.2138	0	0.9811	6.6	0	0	0	0	0.065	0.08	1.434	0	0.05788	0	0	0	0	0	0	0	0	0	0	0	0	0
2514743	Beef, ground, 90% lean meat / 10% fat, raw	18.15625	12.85	5.051	4.477	0.361	0	0	0	69	7.135	2.128	16.49	148	281.4	61.64	4.194	0.05616	0	0	0	0	0	0	0	0	0	0	0	0	0	0	0	0	0	0	0	0	0	0	0	0	0
2514744	Beef, ground, 80% lean meat / 20% fat, raw	17.53125	19.44	6.845	7.247	0.485	0	0	0	62.82	6.889	1.965	16.41	144.4	273.3	54.94	3.848	0.0551	0	0	0	0	0	0	0	0	0	0	0	0	0	0	0	0	0	0	0	0	0	0	0	0	0
2514745	Pork, ground, raw	17.80625	17.49	6.283	7.777	2.553	0	0	0	63.87	5.857	0.7876	19.03	173.3	317.7	53.63	2.226	0.0666	0	0	0	0	0	0	0	0	0	0	0	0	0	0	0	0	0	0	0	0	0	0	0	0	0
2514746	Chicken, ground, with additives, raw	17.9125	7.161	1.559	2.173	1.38	0	0	0	74.72	5.819	0.5926	20.51	165.5	301.7	62.95	1.177	0.03619	0	0.005025	0	0	0	0	0	0	0	0	0	0	0	0	0	0	0	0	0	0	0	0	0	0	0
2514747	Turkey, ground, 93% lean/ 7% fat, raw	17.34375	9.591	2.264	2.874	2.59	0	0	0	72.89	23.63	1.087	17.3	162	246.3	80.18	2.95	0.07624	0	0.01581	0	0	0	0	0	0	0	0	0	0	0	0	0	0	0	0	0	0	0	0	0	0	0
2515373	Nuts, brazilnuts, raw	15.03684	57.43	0	0	0	21.64216	0	5.984	2.265	167.8	2.474	351.3	706.9	592.5	0	3.824	1.739	0	1.26	280.4	0	0	0	0	0	0	0	0	0	0	0	0	0	0	0	0	0	0	0	0	0	0
2515374	Nuts, cashew nuts, raw	17.4423	38.86	0	0	0	36.2887	0	4.104	4.811	41.95	5.988	250.6	532.2	638.3	4.759	5.071	2.218	0	1.949	20.67	0	0	0	0	0	0	0	0	0	0	0	0	0	0	0	0	0	0	0	0	0	0
2515375	Nuts, hazelnuts or filberts, raw	13.4938	53.49	0	0	0	26.5012	0	8.41	4.309	134.7	3.465	155.8	321.1	635.9	0	2.334	1.413	0	6.059	0	0	0	0	0	0	0	0	0	0	0	0	0	0	0	0	0	0	0	0	0	0	0
2515376	Peanuts, raw	23.205	43.28	0	0	0	26.498	0	8.014	4.816	49.13	1.554	179.7	380.4	635.6	1.493	2.78	0.4595	0	1.68	17.81	0	0	0	0	0	0	0	0	0	0	0	0	0	0	0	0	0	0	0	0	0	0
2515377	Flour, chestnut	5.28675	4.636	0.689	1.256	1.515	80.45025	0	8.711	7.326	55.81	1.621	68.75	134.2	1032	0	1.038	0.581	0	2.901	0	0	0	0	4.05	0	0	0	0	0	0	0	0	0	0	0	0	0	0	0	0	0	0
2515378	Nuts, macadamia nuts, raw	7.7857	64.93	0	0	0	24.0943	0	7.563	1.829	52.71	1.881	106.8	208.4	372.6	0	1.2	0.4455	0	11.3	32.62	0	0	0	0	0	0	0	0	0	0	0	0	0	0	0	0	0	0	0	0	0	0
2515379	Nuts, pistachio nuts, raw	20.5057	45.02	0	0	0	27.6943	0	6.969	3.95	117.4	3.456	109.7	499.6	947	0	2.176	1.054	0	1.05	23.12	0	0	0	0	0	0	0	0	0	0	0	0	0	0	0	0	0	0	0	0	0	0
2515380	Seeds, pumpkin seeds (pepitas), raw	29.9079	40.03	0	0	0	18.6751	0	5.079	6.621	37.38	8.363	499.7	1150	691.2	0	6.341	1.225	0	4.121	20.52	0	0	0	0	0	0	0	0	0	0	0	0	0	0	0	0	0	0	0	0	0	0
2515381	Seeds, sunflower seed, kernel, raw	18.8733	48.44	0	0	0	24.5007	0	7.215	4.873	115.6	4.37	301.9	732	656.8	0	5.578	1.875	0	2.63	17.78	0	0	0	0	0	0	0	0	0	0	0	0	0	0	0	0	0	0	0	0	0	0
2515382	Flour, coconut	16.1385	15.28	13.999	0.806	0.111	58.9025	0	34.24	4.69	35.98	8.018	247.7	507.2	2088	46.94	3.698	2.081	0	5.293	26.76	0	0	0	0	0	0	0	0	0	0	0	0	0	0	0	0	0	0	0	0	0	0
2644281	Beans, cannellini, dry	21.5625	2.199	0	0	0	59.7955	0	0	12.3	142.9	6.673	153.6	412.3	1424	0	2.72	0.7419	0	1.784	0	0	0	0	0	0	0	0	0	0	0	0	0	0	0	0	0	0	0	0	0	0	0
2644282	Chickpeas, (garbanzo beans, bengal gram), dry	21.275	6.274	0	0	0	60.358	0	0	8.774	111.1	5.094	134.8	353.1	1074	8.779	3.124	0.8041	0	3.581	0	0	0	0	0	0	0	0	0	0	0	0	0	0	0	0	0	0	0	0	0	0	0
2644283	Lentils, dry	23.56875	1.925	0	0	0	62.17125	0	0	9.451	61.85	7.158	106.7	373.6	948.9	0	3.863	0.8376	0	1.569	0	0	0	0	0	0	0	0	0	0	0	0	0	0	0	0	0	0	0	0	0	0	0
2644284	Blackeye pea, dry	21.225	2.419	0	0	0	61.836	0	0	11.01	71.4	5.93	183.9	427.6	1243	3.458	3.654	0.9359	0	1.288	0	0	0	0	0	0	0	0	0	0	0	0	0	0	0	0	0	0	0	0	0	0	0
2644285	Beans, black, canned, sodium added, drained and rinsed	6.9125	1.273	0	0	0	19.8135	0	0	70.79	43.31	1.688	32.54	90.95	253.1	217.9	0.7399	0.3359	0	0.3324	0	0	0	0	0	0	0	0	0	0	0	0	0	0	0	0	0	0	0	0	0	0	0
2644286	Beans, navy, canned, sodium added, drained and rinsed	6.56875	1.398	0	0	0	19.98325	0	0	70.96	63.91	1.599	29.56	86.71	183.7	190.1	0.6313	0.29	0	0.3771	0	0	0	0	0	0	0	0	0	0	0	0	0	0	0	0	0	0	0	0	0	0	0
2644287	Beans, cannellini, canned, sodium added, drained and rinsed	7.4125	1.169	0	0	0	18.8185	0	0	71.53	69.19	1.405	29.29	94.74	202.6	164	0.5155	0.2193	0	0.3686	0	0	0	0	0	0	0	0	0	0	0	0	0	0	0	0	0	0	0	0	0	0	0
2644288	Chickpeas (garbanzo beans, bengal gram), canned, sodium added, drained and rinsed	7.01875	3.096	0	0	0	20.32025	0	0	68.59	40.48	1.042	28.41	86.48	136.8	201.7	0.7243	0.2674	0	0.7448	0	0	0	0	0	0	0	0	0	0	0	0	0	0	0	0	0	0	0	0	0	0	0
2644289	Beans, kidney, dark red, canned, sodium added, sugar added, drained and rinsed	7.8	1.256	0	0	0	21.03	0	0	68.82	56.94	1.439	29.31	104.1	226.9	172.3	0.56	0.273	0	0.3285	0	0	0	0	0	0	0	0	0	0	0	0	0	0	0	0	0	0	0	0	0	0	0
2644290	Beans, kidney, light red, canned, sodium added, sugar added, drained and rinsed	7.30625	1.299	0	0	0	21.44675	0	0	68.93	60.25	1.305	25.49	93.56	209.4	158.5	0.526	0.2713	0	0.3453	0	0	0	0	0	0	0	0	0	0	0	0	0	0	0	0	0	0	0	0	0	0	0
2644291	Peas, green, sweet, canned, sodium added, sugar added, drained and rinsed	4.734375	1.153	0	0	0	12.707625	0	0	80.53	28.21	1.139	21.91	77.74	109.2	207.4	0.712	0.1233	0	0.2849	0	0	0	0	0	0	0	0	0	0	0	0	0	0	0	0	0	0	0	0	0	0	0
2644292	Beans, pinto, canned, sodium added, drained and rinsed	6.69375	1.266	0	0	0	19.60025	0	0	71.33	55.23	1.284	27.49	83.11	209.6	201.6	0.6248	0.2546	0	0.3168	0	0	0	0	0	0	0	0	0	0	0	0	0	0	0	0	0	0	0	0	0	0	0
2644293	Blackeye pea, canned, sodium added, drained and rinsed	6.925	1.296	0	0	0	19.1659	0	0	71.62	27.78	1.084	27.26	83.03	138.1	226.7	0.655	0.2846	0	0.2224	0	0	0	0	0	0	0	0	0	0	0	0	0	0	0	0	0	0	0	0	0	0	0
2644294	Beans, great northern, canned, sodium added, drained and rinsed	7.03125	1.266	0	0	0	19.32875	0	0	71.16	67.16	1.382	29.3	88.61	213.1	223.1	0.6349	0.2558	0	0.4628	0	0	0	0	0	0	0	0	0	0	0	0	0	0	0	0	0	0	0	0	0	0	0
2646168	Pork, loin, boneless, raw	21.11875	9.469	3.285	3.946	1.379	-0.48175	0	0	68.82	4.111	0.4519	21.96	196.8	361.2	40.2	1.57	0.0382	0	0	0	0	0	0	0	0	0	0	0	0	0	0	0	0	0	0	0	0	0	0	0	0	0
2646169	Pork, loin, tenderloin, boneless, raw	21.58125	3.899	0.8663	0.8625	0.4175	-0.59425	0	0	73.93	4.528	0.9293	24.66	217.4	397.4	41.39	1.773	0.07724	0	0.002588	0	0	0	0	0	0	0	0	0	0	0	0	0	0	0	0	0	0	0	0	0	0	0
2646170	Chicken, breast, boneless, skinless, raw	22.525	1.934	0.3488	0.3688	0.2963	-0.368	0	0	74.78	3.939	0.3543	26.2	214.9	330.1	65.75	0.6545	0.003638	0	0	0	0	0	0	0	0	0	0	0	0	0	0	0	0	0	0	0	0	0	0	0	0	0
2646171	Chicken, thigh, boneless, skinless, raw	18.6125	7.916	1.658	2.239	1.42	-0.406	0	0	72.92	5.65	0.6018	21.8	178.3	271.8	62.33	1.348	0.04235	0	0	0	0	0	0	0	0	0	0	0	0	0	0	0	0	0	0	0	0	0	0	0	0	0
2646172	Beef, ribeye, steak, boneless, choice, raw	18.74375	20.04	7.966	7.731	0.6286	-0.30625	0	0	60.63	4.173	1.641	16.68	149.7	288	42.54	4.063	0.04263	0	0	0	0	0	0	0	0	0	0	0	0	0	0	0	0	0	0	0	0	0	0	0	0	0
2646173	Beef, round, top round, boneless, choice, raw	21.475	5.703	1.695	1.7	0.2383	0.852	0	0	70.88	4.07	1.901	22.08	192.3	351.5	45.54	3.778	0.05515	0	0.002875	0	0	0	0	0	0	0	0	0	0	0	0	0	0	0	0	0	0	0	0	0	0	0
2646174	Beef, chuck, roast, boneless, choice, raw	18.4	17.8	6.341	7.021	0.5557	-0.5238	0	0	63.43	4.576	2.059	16.99	151	281.1	48.44	5.386	0.05405	0	0	0	0	0	0	0	0	0	0	0	0	0	0	0	0	0	0	0	0	0	0	0	0	0
2646175	Beef, flank, steak, boneless, choice, raw	20.13125	9.399	3.551	3.589	0.3143	-0.30405	0	0	69.78	3.836	1.834	18.86	167.3	331.8	51.3	5.563	0.04471	0	0.001688	0	0	0	0	0	0	0	0	0	0	0	0	0	0	0	0	0	0	0	0	0	0	0
2647437	Yogurt, plain, nonfat	4.22675	0.0875	0	0	0	8.07675	0	0	86.57	167.4	0	15.21	127	210.5	51.48	0.5989	0	58.72	0	0	0	0	0.217	0	0	0	0	0	0	0	0	0	0	0	0	0	0	0	0	0	0	0
2647438	Cheese, monterey jack, solid	22.6171	32.63	19.16	6.679	0	1.8979	0	0	39.18	714.6	0	29.6	470.9	82.94	662.2	3.785	0	35.9	0.01113	0	0	0	0	0	0	0	0	0	0	0	0	0	0	0	0	0	0	0	0	0	0	0
2647439	Cheese, pasteurized process cheese food or product, American, singles	15.5672	23.86	13.7	4.886	0	8.1898	0	0	44.78	1498	1.303	34.6	880	211.8	1420	2.379	0	52.53	0.06518	0	0	0	4.42	0	0	0	0	0	0	0	0	0	0	0	0	0	0	0	0	0	0	0
2647440	Cheese, provolone, sliced	23.45288	28.13	16.24	5.738	0	2.45312	0	0	42.34	748.8	0	29.5	494.1	94.84	600.9	3.89	0	64.27	0.02996	0	0	0	0	0	0	0	0	0	0	0	0	0	0	0	0	0	0	0	0	0	0	0
2647441	Cheese, oaxaca, solid	22.14498	22.1	12.71	4.736	0	2.40202	0	0	49.8	532.3	0	21.58	380.4	80.73	734.2	3.506	0	45.72	0.02061	0	0	0	0	0	0	0	0	0	0	0	0	0	0	0	0	0	0	0	0	0	0	0
2647442	Cheese, queso fresco, solid	18.8848	23.36	13.95	4.964	0	2.9572	0	0	51.38	601.8	0	27.64	389.8	126.4	626.5	2.908	0	79.89	0	0	0	0	0	0	0	0	0	0	0	0	0	0	0	0	0	0	0	0	0	0	0	0
2647443	Cheese, cotija, solid	23.83568	27.24	15.89	5.931	0	2.72432	0	0	40	699.6	0	29.9	485.5	116.7	1625	3.597	0	64.75	0.01704	0	0	0	0	0	0	0	0	0	0	0	0	0	0	0	0	0	0	0	0	0	0	0
2684440	Fish, salmon, sockeye, wild caught, raw	22.3	4.936	0	0	0	-0.91	0	0	72.51	14.84	0.4024	26.15	226.3	329.7	53.3	0.4246	0.0616	18.38	0	30.2	0	0	0	0	0	0	0	0	0	0	5.16	0	0	0	0	0	0	0	0	0	0	0
2684441	Fish, salmon, Atlantic, farm raised, raw	20.31875	13.11	0	0	0	-0.49275	0	0	65.84	9.423	0.2588	25.39	230.3	378.2	49.49	0.3394	0.02469	3.242	0	22.8	0	0	0	0	0	0	0	0	0	0	5.696	0	0	0	0	0	0	0	0	0	0	0
2684442	Fish, tilapia, farm raised, raw	19	2.479	0	0	0	-0.913	0	0	78.28	8.628	0	24.28	159.4	342.4	93.66	0.2995	0	4.145	0.005325	20.51	0	0	0	0	0	0	0	0	0	0	0.7594	0	0	0	0	0	0	0	0	0	0	0
2684443	Crustaceans, shrimp, farm raised, raw	15.56875	0.8013	0	0	0	0.48495	0	0	81.28	64.63	0.5223	22.53	190.6	145.9	474.9	0.9368	0.2084	13.64	0.02866	19.48	0	0	0	0	0	0	0	0	0	0	0.9963	0	0	0	0	0	0	0	0	0	0	0
2684444	Fish, cod, Atlantic, wild caught, raw	16.06875	0.6675	0	0	0	-1.07425	0	0	82.86	6.59	0.065	17.98	224.1	245.1	298.8	0.3051	0.003963	113.7	0	22.79	0	0	0	0	0	0	0	0	0	0	1.248	0	0	0	0	0	0	0	0	0	0	0
2684445	Fish, catfish, farm raised, raw	16.46875	7.308	0	0	0	-0.63365	0	0	75.89	7.796	0	20.63	166.2	292.3	60.51	0.4749	0	1.94	0.00165	9.281	0	0	0	0	0	0	0	0	0	0	2.266	0	0	0	0	0	0	0	0	0	0	0
2684446	Crustaceans, crab, blue swimming, lump, pasteurized, refrigerated	18.65	0.8075	0	0	0	-0.2185	0	0	78.88	110.9	0.6319	43.08	278.5	234.8	331.3	3.478	1.088	44.48	0.1478	45.79	0	0	0	0	0	0	0	0	0	0	3.116	0	0	0	0	0	0	0	0	0	0	0
2685570	Squash, winter, butternut, raw	1.14875	0.1675	0	0	0	10.50745	0	1.959	87.32	21.74	0.2129	14.95	26.53	329.1	0	0.193	0.0733	0	0.07538	0	0	0	0	0	0	0	0	0	0	0	0	0	0	0	0	0	0	0	0	0	0	0
2685571	Squash, winter, acorn, raw	1.25	0.1825	0	0	0	10.48	0	2.635	87.22	24.82	0.3078	23.75	42.04	332.1	0	0.2935	0.08685	0	0.1871	0	0	0	0	0	0	0	0	0	0	0	0	0	0	0	0	0	0	0	0	0	0	0
2685572	Cabbage, bok choy, raw	1.02375	0.2338	0	0	0	3.51495	0	1.259	94.54	61.93	0.4388	13.64	30.51	227.8	14.27	0.2738	0.02758	0	0.1962	0	0	0	0	0	0	0	0	0	0	0	0	0	0	0	0	0	0	0	0	0	0	0
2685573	Cauliflower, raw	1.640625	0.2375	0	0	0	4.723075	0	1.948	92.72	20.35	0.3338	14.2	39.69	274.4	20	0.2344	0.02423	0	0.141	0	0	0	0	0	0	0	0	0	0	0	0	0	0	0	0	0	0	0	0	0	0	0
2685574	Collards, raw	2.96875	0.77	0	0	0	7.02225	0	3.816	87.51	276.4	0.7505	49.51	45.01	409.8	18.41	0.4594	0.1112	0	0.8716	0	0	0	0	0	0	0	0	0	0	0	0	0	0	0	0	0	0	0	0	0	0	0
2685575	Brussels sprouts, raw	3.984375	0.565	0	0	0	9.615625	0	4.785	84.62	38.64	0.7305	25	78.54	476.8	25.74	0.3663	0.03843	0	0.24	0	0	0	0	0	0	0	0	0	0	0	0	0	0	0	0	0	0	0	0	0	0	0
2685576	Beets, raw	1.6875	0.3025	0	0	0	8.787	5.1015	3.119	88.16	13.82	0.4281	21.01	33.65	341.5	111.6	0.3104	0.1606	0	0.2571	0	0	0	0	0	0	0	0	0	0	0	0	0	0	0	0	0	0	0	0	0	0	0
2685577	Eggplant, raw	0.851875	0.12	0	0	0	5.399325	2.354	2.448	93.11	11.06	0	13.54	22.75	222.1	0.4425	0.1189	0.06078	0	0.1065	0	0	0	0	0	0	0	0	0	0	0	0	0	0	0	0	0	0	0	0	0	0	0
2685578	Tomatoes, whole, canned, solids and liquids, with salt added	0.8675	0.2063	0	0	0	4.2874	2.613	0.8725	93.93	19.83	0.9291	10.75	17.31	202.9	111.5	0.1198	0.05938	0	0.07515	0	0	0	0	0	0	0	0	0	0	0	0	0	0	0	0	0	0	0	0	0	0	0
2685579	Tomato, sauce, canned, with salt added	1.351875	0.3825	0	0	0	6.331625	3.517	1.636	90.21	17.1	1.107	18.73	29.2	355.5	416.9	0.183	0.08933	0	0.1314	0	0	0	0	0	0	0	0	0	0	0	0	0	0	0	0	0	0	0	0	0	0	0
2685580	Tomato, paste, canned, without salt added	4.234375	0.7325	0	0	0	20.188125	11.693	4.704	71.93	36.85	3.185	49.61	91.16	971.6	61.15	0.5113	0.295	0	0.3315	0	0	0	0	0	0	0	0	0	0	0	0	0	0	0	0	0	0	0	0	0	0	0
2685581	Tomatoes, crushed, canned	1.4375	0.3975	0	0	0	7.137	3.744	1.944	89.94	19.2	2.268	18.64	32.91	345.6	139.8	0.2014	0.1043	0	0.1529	0	0	0	0	0	0	0	0	0	0	0	0	0	0	0	0	0	0	0	0	0	0	0
2685582	Tomato, puree, canned	1.578125	0.265	0	0	0	8.036875	4.313	1.971	89.11	17.64	1.237	19.33	34.14	416.4	29.36	0.2084	0.1227	0	0.1396	0	0	0	0	0	0	0	0	0	0	0	0	0	0	0	0	0	0	0	0	0	0	0